boxer	default	image	background.png	boxer_background	d7fe27130a46d8cc55a930362ae984f3ca12ce41f04326b81ebf987580274634	94006	https://game-sdk-assets.spapp.zabka.pl/remote-assets/assets/d7fe27130a46d8cc55a930362ae984f3ca12ce41f04326b81ebf987580274634
boxer	default	image	background_texture_bottom.png	boxer_background_texture_bottom	44dec2cefd5f9cf8307389f6c757136d35402d8d6d526ed360cfc29c8d7eaf5d	15317	https://game-sdk-assets.spapp.zabka.pl/remote-assets/assets/44dec2cefd5f9cf8307389f6c757136d35402d8d6d526ed360cfc29c8d7eaf5d
boxer	default	image	background_texture_top.png	boxer_background_texture_top	0b93379c6e29bb2cdfde7ef469b5887b328a6059441b54ce8bf683d65ac4e9e4	12977	https://game-sdk-assets.spapp.zabka.pl/remote-assets/assets/0b93379c6e29bb2cdfde7ef469b5887b328a6059441b54ce8bf683d65ac4e9e4
boxer	default	image	current_score_frame.png	boxer_current_score_frame	bf3699e58c494a9392e088dd99014a7f2a0d87006bac21be2c8e49127cbf030d	26384	https://game-sdk-assets.spapp.zabka.pl/remote-assets/assets/bf3699e58c494a9392e088dd99014a7f2a0d87006bac21be2c8e49127cbf030d
boxer	default	image	glove_left.png	boxer_glove_left	96d911624e61b27e5f8a3ef0e848e243ff3298a9281d27cf2706afeca1233533	37428	https://game-sdk-assets.spapp.zabka.pl/remote-assets/assets/96d911624e61b27e5f8a3ef0e848e243ff3298a9281d27cf2706afeca1233533
boxer	default	image	glove_right.png	boxer_glove_right	781a0161bf1f7e75bb9d0405001e3bb433eb17aa924aa0af4532cd55c04527be	101349	https://game-sdk-assets.spapp.zabka.pl/remote-assets/assets/781a0161bf1f7e75bb9d0405001e3bb433eb17aa924aa0af4532cd55c04527be
boxer	default	image	high_img.png	boxer_high_img	68307adbf2e2a9db60552042f5a187ae8c1c28f25de5353518cd674627f96cc4	40202	https://game-sdk-assets.spapp.zabka.pl/remote-assets/assets/68307adbf2e2a9db60552042f5a187ae8c1c28f25de5353518cd674627f96cc4
boxer	default	image	high_img_small_active.png	boxer_high_img_small_active	fe5b9436133d66416a8bf93fbf5a62eed851f01f2f6dd887d99548c09c6dce38	3985	https://game-sdk-assets.spapp.zabka.pl/remote-assets/assets/fe5b9436133d66416a8bf93fbf5a62eed851f01f2f6dd887d99548c09c6dce38
boxer	default	image	high_img_small_inactive.png	boxer_high_img_small_inactive	839af4cd71174bdc7dd945f4f891311a9c60ee7c2d5dcc49e2ed05a9e3558e35	4018	https://game-sdk-assets.spapp.zabka.pl/remote-assets/assets/839af4cd71174bdc7dd945f4f891311a9c60ee7c2d5dcc49e2ed05a9e3558e35
boxer	default	image	highest_img.png	boxer_highest_img	0b7f4162bc9ff3304bf53767ba3889751e5a17cd59df370e9a5bd3ef8ad8b876	48095	https://game-sdk-assets.spapp.zabka.pl/remote-assets/assets/0b7f4162bc9ff3304bf53767ba3889751e5a17cd59df370e9a5bd3ef8ad8b876
boxer	default	image	highest_img_small_active.png	boxer_highest_img_small_active	bc1cbcf0d9b05bd9f492e448596fa1624d93bdc98e51cb9e3863b88459e0dbbb	3873	https://game-sdk-assets.spapp.zabka.pl/remote-assets/assets/bc1cbcf0d9b05bd9f492e448596fa1624d93bdc98e51cb9e3863b88459e0dbbb
boxer	default	image	highest_img_small_inactive.png	boxer_highest_img_small_inactive	45f98a12923cbf54706a4da4fd2889fc0471b508a4033a43b4eac02d5dbfe42f	3860	https://game-sdk-assets.spapp.zabka.pl/remote-assets/assets/45f98a12923cbf54706a4da4fd2889fc0471b508a4033a43b4eac02d5dbfe42f
boxer	default	image	low_img.png	boxer_low_img	fa661092a29e0c0d6a26dfa384bcdb9b7f211864fb70d3d8f6515754041e0957	27041	https://game-sdk-assets.spapp.zabka.pl/remote-assets/assets/fa661092a29e0c0d6a26dfa384bcdb9b7f211864fb70d3d8f6515754041e0957
boxer	default	image	low_img_small_active.png	boxer_low_img_small_active	190bba1b949969bbf99c2199ccdf5a1d074205d8ab407048273e2f6bbf7e5e48	3306	https://game-sdk-assets.spapp.zabka.pl/remote-assets/assets/190bba1b949969bbf99c2199ccdf5a1d074205d8ab407048273e2f6bbf7e5e48
boxer	default	image	low_img_small_inactive.png	boxer_low_img_small_inactive	cf6e72c8565df89e2124e3806c49c8cf5a04891d665222123a48ce8c2b787784	3266	https://game-sdk-assets.spapp.zabka.pl/remote-assets/assets/cf6e72c8565df89e2124e3806c49c8cf5a04891d665222123a48ce8c2b787784
boxer	default	image	lowest_img.png	boxer_lowest_img	ff6f8b961c3f23f86d0cccf8d8f8b892798a955102893bd8560accecd2e84024	35870	https://game-sdk-assets.spapp.zabka.pl/remote-assets/assets/ff6f8b961c3f23f86d0cccf8d8f8b892798a955102893bd8560accecd2e84024
boxer	default	image	lowest_img_small_active.png	boxer_lowest_img_small_active	9b75b8ce4efaf6f21b0c5fe760da364ea0983ca1bc78453805a07b29a01f52bd	3579	https://game-sdk-assets.spapp.zabka.pl/remote-assets/assets/9b75b8ce4efaf6f21b0c5fe760da364ea0983ca1bc78453805a07b29a01f52bd
boxer	default	image	lowest_img_small_inactive.png	boxer_lowest_img_small_inactive	b43734d20819d46d129858eb0025701b5022b84de7ac01e9e6d997047b1a8f71	3596	https://game-sdk-assets.spapp.zabka.pl/remote-assets/assets/b43734d20819d46d129858eb0025701b5022b84de7ac01e9e6d997047b1a8f71
boxer	default	image	medium_img.png	boxer_medium_img	8ce1b765c675b1d70ca352bbe9b42e2eb92530fac9b8cbcdab57783a108f4e63	38535	https://game-sdk-assets.spapp.zabka.pl/remote-assets/assets/8ce1b765c675b1d70ca352bbe9b42e2eb92530fac9b8cbcdab57783a108f4e63
boxer	default	image	mid_img_small_active.png	boxer_mid_img_small_active	b58390363c09b6cc8c6bec412e50f9a18638c45e7b972579ba4b6e0f622959d4	3705	https://game-sdk-assets.spapp.zabka.pl/remote-assets/assets/b58390363c09b6cc8c6bec412e50f9a18638c45e7b972579ba4b6e0f622959d4
boxer	default	image	mid_img_small_inactive.png	boxer_mid_img_small_inactive	8fb1ef0e4684b219fb19f49a3bb9d85204b8c144a72350f1ff20e76ee7fe1825	3762	https://game-sdk-assets.spapp.zabka.pl/remote-assets/assets/8fb1ef0e4684b219fb19f49a3bb9d85204b8c144a72350f1ff20e76ee7fe1825
boxer	default	audio	eq_fill.mp3	boxer_eq_fill	3e8be3d5cbe57c2fefbfa5b81ec39db93b597d5e532aa477409a274915eebc3f	85677	https://game-sdk-assets.spapp.zabka.pl/remote-assets/assets/3e8be3d5cbe57c2fefbfa5b81ec39db93b597d5e532aa477409a274915eebc3f
boxer	default	audio	hit.mp3	boxer_hit	e90157f154aef2e644b9cdba0cc7ae3f7759f61fb5d71b348f1131dd3dda0f17	17085	https://game-sdk-assets.spapp.zabka.pl/remote-assets/assets/e90157f154aef2e644b9cdba0cc7ae3f7759f61fb5d71b348f1131dd3dda0f17
boxer	default	audio	score.mp3	boxer_score	b0255d9769c2effae2b08cfa755d7a7f3b9aaa810e879139730e0b4bcfb66433	49749	https://game-sdk-assets.spapp.zabka.pl/remote-assets/assets/b0255d9769c2effae2b08cfa755d7a7f3b9aaa810e879139730e0b4bcfb66433
boxer	default	vector	arrow_red_dark_left.svg	boxer_arrow_red_dark_left	d0e0c3458c03204a64d3324fc002c827f6d9f899f73f817067afbe45b1547f8f	1355	https://game-sdk-assets.spapp.zabka.pl/remote-assets/assets/d0e0c3458c03204a64d3324fc002c827f6d9f899f73f817067afbe45b1547f8f
boxer	default	vector	arrow_red_dark_right.svg	boxer_arrow_red_dark_right	050333bfa9fa1eea7356cd76f243c3d5c782b1fbb4500074394c11ef3dd03f04	1557	https://game-sdk-assets.spapp.zabka.pl/remote-assets/assets/050333bfa9fa1eea7356cd76f243c3d5c782b1fbb4500074394c11ef3dd03f04
boxer	default	vector	max_score_frame.svg	boxer_max_score_frame	ad28dc529691b6b9d323633d87249b93025cd1ffbd247952f65df67bca9e263a	4795	https://game-sdk-assets.spapp.zabka.pl/remote-assets/assets/ad28dc529691b6b9d323633d87249b93025cd1ffbd247952f65df67bca9e263a
boxer	default	video	onboarding.mp4	boxer_onboarding	267b3750afe83fdb6a22239a9ec85c02296e6570d75f8b10920fcc2d007a2eed	5654586	https://game-sdk-assets.spapp.zabka.pl/remote-assets/assets/267b3750afe83fdb6a22239a9ec85c02296e6570d75f8b10920fcc2d007a2eed
boxer	default	font	DsDigit-Regular.ttf	boxer_dsdigit_regular	87eb14d41eeeac0bd7fe0c62ece05134bbf1ee8059b6e3e701d7f4a7799506dc	24448	https://game-sdk-assets.spapp.zabka.pl/remote-assets/assets/87eb14d41eeeac0bd7fe0c62ece05134bbf1ee8059b6e3e701d7f4a7799506dc
boxer	default	font	LuckiestGuy-Regular.ttf	boxer_luckiestguy_regular	fbe683091b0db0faa8f38e5227ad3bc17dc67f119f27ff10a63d72f5f9bb9da3	58324	https://game-sdk-assets.spapp.zabka.pl/remote-assets/assets/fbe683091b0db0faa8f38e5227ad3bc17dc67f119f27ff10a63d72f5f9bb9da3
boxer	default	font	Orbitron-Black.ttf	boxer_orbitron_black	6085d23cdc834b71abdbab67079ab37b486b429edb5a0e634bf61379e255700a	23392	https://game-sdk-assets.spapp.zabka.pl/remote-assets/assets/6085d23cdc834b71abdbab67079ab37b486b429edb5a0e634bf61379e255700a
boxer	default	font	Orbitron-Bold.ttf	boxer_orbitron_bold	69403fffca24d8e5d3c588f89fdc832ed75b9e9d3176850b96ce23b27aeebbb2	24668	https://game-sdk-assets.spapp.zabka.pl/remote-assets/assets/69403fffca24d8e5d3c588f89fdc832ed75b9e9d3176850b96ce23b27aeebbb2
boxer	default	font	Orbitron-ExtraBold.ttf	boxer_orbitron_extrabold	5c3ffc0f6dcd6c9adddb4aa573be39aea7bf5364b006e7bf8d5386a00f18eb8e	24696	https://game-sdk-assets.spapp.zabka.pl/remote-assets/assets/5c3ffc0f6dcd6c9adddb4aa573be39aea7bf5364b006e7bf8d5386a00f18eb8e
boxer	default	font	Orbitron-Medium.ttf	boxer_orbitron_medium	0963c8736d45390ebf17d75486d581f6ca4ad186c221801891a5801bb17df41b	24752	https://game-sdk-assets.spapp.zabka.pl/remote-assets/assets/0963c8736d45390ebf17d75486d581f6ca4ad186c221801891a5801bb17df41b
boxer	default	font	Orbitron-Regular.ttf	boxer_orbitron_regular	739162ac8e6fcadb559226f2fee57f55baad126728cec901b321042c7224088e	24716	https://game-sdk-assets.spapp.zabka.pl/remote-assets/assets/739162ac8e6fcadb559226f2fee57f55baad126728cec901b321042c7224088e
boxer	default	font	Orbitron-SemiBold.ttf	boxer_orbitron_semibold	dfa60e9800d9bd99366ca8eacac0f1a9f6e5e2218d7a19a0b36a0130e020e5f2	24732	https://game-sdk-assets.spapp.zabka.pl/remote-assets/assets/dfa60e9800d9bd99366ca8eacac0f1a9f6e5e2218d7a19a0b36a0130e020e5f2
endless_match	default	image	aggressive_footballer_idle.png	endless_match_aggressive_footballer_idle	4dad18b0b628e709dd51160b1de3cff066816e1ac50bbfa84832e58976865019	24236	https://game-sdk-assets.spapp.zabka.pl/remote-assets/assets/4dad18b0b628e709dd51160b1de3cff066816e1ac50bbfa84832e58976865019
endless_match	default	image	aggressive_footballer_slide_entry.png	endless_match_aggressive_footballer_slide_entry	cfbd015080c4e061969e3b3a39a6a2137b8d383f71a536b43eea70c9b2da59ae	41050	https://game-sdk-assets.spapp.zabka.pl/remote-assets/assets/cfbd015080c4e061969e3b3a39a6a2137b8d383f71a536b43eea70c9b2da59ae
endless_match	default	image	aggressive_footballer_slide_loop.png	endless_match_aggressive_footballer_slide_loop	907e8615327a387e318bd64c7e674f6b65b13e89b2348f7326b2833883e94164	73593	https://game-sdk-assets.spapp.zabka.pl/remote-assets/assets/907e8615327a387e318bd64c7e674f6b65b13e89b2348f7326b2833883e94164
endless_match	default	image	ball.png	endless_match_ball	4a49a756045cc2e4962f15b58d696833fc32a9facb53a25b3b3c9a82fa8dee73	3703	https://game-sdk-assets.spapp.zabka.pl/remote-assets/assets/4a49a756045cc2e4962f15b58d696833fc32a9facb53a25b3b3c9a82fa8dee73
endless_match	default	image	ball_rotation.png	endless_match_ball_rotation	4db0075336548aa9146d64cbfb679d920d7b315f3fac5717968f602f6920018c	21355	https://game-sdk-assets.spapp.zabka.pl/remote-assets/assets/4db0075336548aa9146d64cbfb679d920d7b315f3fac5717968f602f6920018c
endless_match	default	image	barrier_obstacle.png	endless_match_barrier_obstacle	a85840e9dba018cb1e686a585e24f54ae7b9cc1df14b34d1c942c5c52852a5af	8083	https://game-sdk-assets.spapp.zabka.pl/remote-assets/assets/a85840e9dba018cb1e686a585e24f54ae7b9cc1df14b34d1c942c5c52852a5af
endless_match	default	image	bottom_hud_banner.png	endless_match_bottom_hud_banner	b2cdb6d13df35ce8ee49365c8c0401256bad9ef4f1e8a332e94d09d5ef34251e	5950	https://game-sdk-assets.spapp.zabka.pl/remote-assets/assets/b2cdb6d13df35ce8ee49365c8c0401256bad9ef4f1e8a332e94d09d5ef34251e
endless_match	default	image	coin.png	endless_match_coin	4892fad3fe62b56da40f3e3614495fe764c00138cde01a194ac4d7d1f11739d1	628	https://game-sdk-assets.spapp.zabka.pl/remote-assets/assets/4892fad3fe62b56da40f3e3614495fe764c00138cde01a194ac4d7d1f11739d1
endless_match	default	image	collision_effect_with_ball.png	endless_match_collision_effect_with_ball	1dd70aad9be7d91b9302a34b89ea769a0a761531196c7bb5a0dd9c611341c1df	9568	https://game-sdk-assets.spapp.zabka.pl/remote-assets/assets/1dd70aad9be7d91b9302a34b89ea769a0a761531196c7bb5a0dd9c611341c1df
endless_match	default	image	collision_effect_without_ball.png	endless_match_collision_effect_without_ball	b8f007d6fdccf816ab513889c8e40fca107dacefca9fe4af48855e77e2c541ef	9565	https://game-sdk-assets.spapp.zabka.pl/remote-assets/assets/b8f007d6fdccf816ab513889c8e40fca107dacefca9fe4af48855e77e2c541ef
endless_match	default	image	defensive_footballer_idle.png	endless_match_defensive_footballer_idle	a44920b9b8b182dedd74c525aef79707d857a2e04453e05e8e8249d18aa3db8c	48571	https://game-sdk-assets.spapp.zabka.pl/remote-assets/assets/a44920b9b8b182dedd74c525aef79707d857a2e04453e05e8e8249d18aa3db8c
endless_match	default	image	defensive_footballer_slide_entry.png	endless_match_defensive_footballer_slide_entry	9a59f9af44dfd9c68d4a18fb2b9a88dbc3ec1e362b696f7273bad6df7d7d8c69	40893	https://game-sdk-assets.spapp.zabka.pl/remote-assets/assets/9a59f9af44dfd9c68d4a18fb2b9a88dbc3ec1e362b696f7273bad6df7d7d8c69
endless_match	default	image	defensive_footballer_slide_loop.png	endless_match_defensive_footballer_slide_loop	c309516bbd8def9ac54ada18c7e82aa14228bf894ace66a55323238b518096bc	79411	https://game-sdk-assets.spapp.zabka.pl/remote-assets/assets/c309516bbd8def9ac54ada18c7e82aa14228bf894ace66a55323238b518096bc
endless_match	default	image	fail_effect.png	endless_match_fail_effect	b5ee26369457018939a43d825c9a6c305f70aa632ea7eb7ec0c253bfc0b67655	1964	https://game-sdk-assets.spapp.zabka.pl/remote-assets/assets/b5ee26369457018939a43d825c9a6c305f70aa632ea7eb7ec0c253bfc0b67655
endless_match	default	image	gatekeeper_idle_v2.png	endless_match_gatekeeper_idle_v2	e315a454d9781622c8f2a5ed7e3520b813cc1b043a6e9d39b7c22d6bf2be66ad	59465	https://game-sdk-assets.spapp.zabka.pl/remote-assets/assets/e315a454d9781622c8f2a5ed7e3520b813cc1b043a6e9d39b7c22d6bf2be66ad
endless_match	default	image	gatekeeper_with_ball_v2.png	endless_match_gatekeeper_with_ball_v2	84ba796d5b4b07c3c8305e84b5783a4341a5d6aa449f5851c061a6ecd29b03fd	34205	https://game-sdk-assets.spapp.zabka.pl/remote-assets/assets/84ba796d5b4b07c3c8305e84b5783a4341a5d6aa449f5851c061a6ecd29b03fd
endless_match	default	image	goal.png	endless_match_goal	106ab5bbaeecedc03d05fd593bf033907dc08d14a6dff2d5d57fdd11f179419b	8063	https://game-sdk-assets.spapp.zabka.pl/remote-assets/assets/106ab5bbaeecedc03d05fd593bf033907dc08d14a6dff2d5d57fdd11f179419b
endless_match	default	image	gool_effect.png	endless_match_gool_effect	485dae7dba401a3977d265d5aaf13cc00cb80275017dbe6b6fbd4b2a7a1206b9	1994	https://game-sdk-assets.spapp.zabka.pl/remote-assets/assets/485dae7dba401a3977d265d5aaf13cc00cb80275017dbe6b6fbd4b2a7a1206b9
endless_match	default	image	grass_background.png	endless_match_grass_background	cf7518705247dba7dc67bf15171e03752531c5e2d32c6073fd116c02bdaaceba	55015	https://game-sdk-assets.spapp.zabka.pl/remote-assets/assets/cf7518705247dba7dc67bf15171e03752531c5e2d32c6073fd116c02bdaaceba
endless_match	default	image	grass_logo_v2.png	endless_match_grass_logo_v2	4451f88205e0d046c4f0134f778c809eb23a8e2965690d352f395f076e25622f	1484	https://game-sdk-assets.spapp.zabka.pl/remote-assets/assets/4451f88205e0d046c4f0134f778c809eb23a8e2965690d352f395f076e25622f
endless_match	default	image	inner_shadow.png	endless_match_inner_shadow	2cafa1df3220be6d1b9a66283e01b95d55fd5d2a7dfb6048e8018eb18f7f21b0	22026	https://game-sdk-assets.spapp.zabka.pl/remote-assets/assets/2cafa1df3220be6d1b9a66283e01b95d55fd5d2a7dfb6048e8018eb18f7f21b0
endless_match	default	image	kicked_ball_entry.png	endless_match_kicked_ball_entry	5d5581ee13ddc4c544546afa409ec1e967cfbb5e042a977a930456a1e25de395	3759	https://game-sdk-assets.spapp.zabka.pl/remote-assets/assets/5d5581ee13ddc4c544546afa409ec1e967cfbb5e042a977a930456a1e25de395
endless_match	default	image	kicked_ball_flight.png	endless_match_kicked_ball_flight	121c8e3eab487cda8ea07e210f589ef1c687e38e4e0a738da7a9e1c3664c5386	7234	https://game-sdk-assets.spapp.zabka.pl/remote-assets/assets/121c8e3eab487cda8ea07e210f589ef1c687e38e4e0a738da7a9e1c3664c5386
endless_match	default	image	lost_ball_effect.png	endless_match_lost_ball_effect	32cd8850ef6641868ce3b75bb999c3b5bffbb650fe82cc71ef08cd784a2a0ff5	12206	https://game-sdk-assets.spapp.zabka.pl/remote-assets/assets/32cd8850ef6641868ce3b75bb999c3b5bffbb650fe82cc71ef08cd784a2a0ff5
endless_match	default	image	mud_active.png	endless_match_mud_active	89b191ba04f3365f42cfb6c4554140583138d4265bddde81ce1173bb0032d7fb	4661	https://game-sdk-assets.spapp.zabka.pl/remote-assets/assets/89b191ba04f3365f42cfb6c4554140583138d4265bddde81ce1173bb0032d7fb
endless_match	default	image	mud_inactive.png	endless_match_mud_inactive	eaf4b375100d2540bf127688d8f65717d3e69f9a9a3b9efd1155cede2887666d	4722	https://game-sdk-assets.spapp.zabka.pl/remote-assets/assets/eaf4b375100d2540bf127688d8f65717d3e69f9a9a3b9efd1155cede2887666d
endless_match	default	image	objective_indicator_ball_icon.png	endless_match_objective_indicator_ball_icon	4781b99cfa10f6547a4c37ce03eb04cc93fdbc369b7bbd2343288c0017b411db	565	https://game-sdk-assets.spapp.zabka.pl/remote-assets/assets/4781b99cfa10f6547a4c37ce03eb04cc93fdbc369b7bbd2343288c0017b411db
endless_match	default	image	objective_indicator_bubble.png	endless_match_objective_indicator_bubble	4bb2b8e001ea3882e43ddb7e6537e5ae29587c78d97a878eb91ce6cdf81b0606	2922	https://game-sdk-assets.spapp.zabka.pl/remote-assets/assets/4bb2b8e001ea3882e43ddb7e6537e5ae29587c78d97a878eb91ce6cdf81b0606
endless_match	default	image	objective_indicator_goal_icon.png	endless_match_objective_indicator_goal_icon	c7040e78afe65cd9cfeb12026f9dcbf1bd0bef22a2693ed723b70ed91a2b36a9	420	https://game-sdk-assets.spapp.zabka.pl/remote-assets/assets/c7040e78afe65cd9cfeb12026f9dcbf1bd0bef22a2693ed723b70ed91a2b36a9
endless_match	default	image	player_run_side.png	endless_match_player_run_side	8b4ab71e8885724dd8f0044b5c2b624617bd2ed294f008e06cefd6977d414f38	59607	https://game-sdk-assets.spapp.zabka.pl/remote-assets/assets/8b4ab71e8885724dd8f0044b5c2b624617bd2ed294f008e06cefd6977d414f38
endless_match	default	image	player_run_straight.png	endless_match_player_run_straight	d9c3e383a5c36d69f5024e8a79a17d495082a9ee059de580efd0bc89e8ad5691	61692	https://game-sdk-assets.spapp.zabka.pl/remote-assets/assets/d9c3e383a5c36d69f5024e8a79a17d495082a9ee059de580efd0bc89e8ad5691
endless_match	default	image	player_slide_v2.png	endless_match_player_slide_v2	145a6b7c2d1a17946aa457994b397a6ed8dfd4b9b0fe28c5648c480bae2e039d	89951	https://game-sdk-assets.spapp.zabka.pl/remote-assets/assets/145a6b7c2d1a17946aa457994b397a6ed8dfd4b9b0fe28c5648c480bae2e039d
endless_match	default	image	score_icon.png	endless_match_score_icon	9e8dd85f8ed3b361c1457b8525291f279c9cf95aa2a71da4ce362b105567fcf3	1307	https://game-sdk-assets.spapp.zabka.pl/remote-assets/assets/9e8dd85f8ed3b361c1457b8525291f279c9cf95aa2a71da4ce362b105567fcf3
endless_match	default	image	shield_power_up.png	endless_match_shield_power_up	d2b00c8e0a10fd4722bd227dd4849f968032fc7880c950ed1145a8c7b1c73909	195652	https://game-sdk-assets.spapp.zabka.pl/remote-assets/assets/d2b00c8e0a10fd4722bd227dd4849f968032fc7880c950ed1145a8c7b1c73909
endless_match	default	image	shield_power_up_animated_icon.png	endless_match_shield_power_up_animated_icon	8b6d2fdc621e9073fb5f25cbf3d827a372119c1af21e4e37fd308230a3b8fa56	58465	https://game-sdk-assets.spapp.zabka.pl/remote-assets/assets/8b6d2fdc621e9073fb5f25cbf3d827a372119c1af21e4e37fd308230a3b8fa56
endless_match	default	audio	background_music.mp3	endless_match_background_music	5abd4b2a8ffe071658882a96a3fcfc5ee69297cc6bd23329c7ea1e4587f9cd4c	314379	https://game-sdk-assets.spapp.zabka.pl/remote-assets/assets/5abd4b2a8ffe071658882a96a3fcfc5ee69297cc6bd23329c7ea1e4587f9cd4c
endless_match	default	audio	ball_collected.mp3	endless_match_ball_collected	90f7648d0d95b16a4ed2466d74f03fea57c50378c52b8cd636e237a6d655db73	34485	https://game-sdk-assets.spapp.zabka.pl/remote-assets/assets/90f7648d0d95b16a4ed2466d74f03fea57c50378c52b8cd636e237a6d655db73
endless_match	default	audio	ball_kicked.mp3	endless_match_ball_kicked	ab1e70a2b2df8300e4bba63694c72bc6490407de16a9792d4d41af9cb03465ac	6141	https://game-sdk-assets.spapp.zabka.pl/remote-assets/assets/ab1e70a2b2df8300e4bba63694c72bc6490407de16a9792d4d41af9cb03465ac
endless_match	default	audio	barrier_or_goal_hit.mp3	endless_match_barrier_or_goal_hit	665b2f592ce4cf67bd78fe7ae11d57285305a7a3f4a5795fe3165fd5927fc384	20877	https://game-sdk-assets.spapp.zabka.pl/remote-assets/assets/665b2f592ce4cf67bd78fe7ae11d57285305a7a3f4a5795fe3165fd5927fc384
endless_match	default	audio	coin_collect.mp3	endless_match_coin_collect	daaf08dfb15644eba0ada8a694412bdd6843b11fc09ebe51af90bc58f0d66c2f	7277	https://game-sdk-assets.spapp.zabka.pl/remote-assets/assets/daaf08dfb15644eba0ada8a694412bdd6843b11fc09ebe51af90bc58f0d66c2f
endless_match	default	audio	collect_shield.mp3	endless_match_collect_shield	bd3ebc057b6468aa0e29ef8da134988bb02149d23b87d7501ce6cb5b2e977931	21748	https://game-sdk-assets.spapp.zabka.pl/remote-assets/assets/bd3ebc057b6468aa0e29ef8da134988bb02149d23b87d7501ce6cb5b2e977931
endless_match	default	audio	collision_shielded.mp3	endless_match_collision_shielded	15481afdb8cdb3faf60a77b0aa53ae80d2aac24efa2ea52f04840de7318d31ee	25540	https://game-sdk-assets.spapp.zabka.pl/remote-assets/assets/15481afdb8cdb3faf60a77b0aa53ae80d2aac24efa2ea52f04840de7318d31ee
endless_match	default	audio	footballer_dash.mp3	endless_match_footballer_dash	94aa78d002c4153eafc7666c5df71ad13c7043ffc35783ef5d24bec9a7fa0994	46125	https://game-sdk-assets.spapp.zabka.pl/remote-assets/assets/94aa78d002c4153eafc7666c5df71ad13c7043ffc35783ef5d24bec9a7fa0994
endless_match	default	audio	footballer_or_gatekeeper_hit.mp3	endless_match_footballer_or_gatekeeper_hit	ac29a7ccac96feca9a7c38a9340946ba72e21deebf6143df7b94af61aa4b0a6b	7437	https://game-sdk-assets.spapp.zabka.pl/remote-assets/assets/ac29a7ccac96feca9a7c38a9340946ba72e21deebf6143df7b94af61aa4b0a6b
endless_match	default	audio	game_start.mp3	endless_match_game_start	72fb9dc4a023378ba922f4425da93dc71785192fe74fbf97aef857b476a45075	26013	https://game-sdk-assets.spapp.zabka.pl/remote-assets/assets/72fb9dc4a023378ba922f4425da93dc71785192fe74fbf97aef857b476a45075
endless_match	default	audio	goal_failed.mp3	endless_match_goal_failed	6cb704b5380ea9481882e03bead901d50140a9d75c3c81d51554d5c84236fb43	17524	https://game-sdk-assets.spapp.zabka.pl/remote-assets/assets/6cb704b5380ea9481882e03bead901d50140a9d75c3c81d51554d5c84236fb43
endless_match	default	audio	goal_scored.mp3	endless_match_goal_scored	c1d5f9fcdfba632e8282ee087eea8535df814046dcdf9ae48c427a3a7c7607ee	25300	https://game-sdk-assets.spapp.zabka.pl/remote-assets/assets/c1d5f9fcdfba632e8282ee087eea8535df814046dcdf9ae48c427a3a7c7607ee
endless_match	default	audio	mud_entered.mp3	endless_match_mud_entered	b64695b7cb95ce185e2bdf502ff7d7a5078d0f772e3bfc3c7f96a65f9cc2fd74	26788	https://game-sdk-assets.spapp.zabka.pl/remote-assets/assets/b64695b7cb95ce185e2bdf502ff7d7a5078d0f772e3bfc3c7f96a65f9cc2fd74
endless_match	default	vector	home_rounded.svg	endless_match_home_rounded	7530584d1c1d122abd118d7a1e0256c16a1215eae5559cddaa4844adb0109c34	999	https://game-sdk-assets.spapp.zabka.pl/remote-assets/assets/7530584d1c1d122abd118d7a1e0256c16a1215eae5559cddaa4844adb0109c34
endless_match	default	video	onboarding.mp4	endless_match_onboarding	8af3859743b12e9b3f1263d87e4b869169e65be5efe8154b1a07ad73705cf9e4	13124434	https://game-sdk-assets.spapp.zabka.pl/remote-assets/assets/8af3859743b12e9b3f1263d87e4b869169e65be5efe8154b1a07ad73705cf9e4
endless_match	default	font	LuckiestGuy-Regular.ttf	endless_match_luckiestguy_regular	fbe683091b0db0faa8f38e5227ad3bc17dc67f119f27ff10a63d72f5f9bb9da3	58324	https://game-sdk-assets.spapp.zabka.pl/remote-assets/assets/fbe683091b0db0faa8f38e5227ad3bc17dc67f119f27ff10a63d72f5f9bb9da3
endless_match	default	font	PressStart2P-Regular.ttf	endless_match_pressstart2p_regular	8d0248e41694fdd875dbcde859ee1bae5982ecfdc6c7e5e451b48950d29ba95a	116008	https://game-sdk-assets.spapp.zabka.pl/remote-assets/assets/8d0248e41694fdd875dbcde859ee1bae5982ecfdc6c7e5e451b48950d29ba95a
endless_match	coca_cola	image	aggressive_footballer_idle.png	endless_match_aggressive_footballer_idle	f719c76c25a40169cea65ccae67eaf10548f25e7599754963485bd5fa45b3cb5	120583	https://game-sdk-assets.spapp.zabka.pl/remote-assets/assets/f719c76c25a40169cea65ccae67eaf10548f25e7599754963485bd5fa45b3cb5
endless_match	coca_cola	image	aggressive_footballer_slide_entry.png	endless_match_aggressive_footballer_slide_entry	4008e07fa89fd3605a36ebc094849ca918fe266e545d435a70cbeec4764975e0	46023	https://game-sdk-assets.spapp.zabka.pl/remote-assets/assets/4008e07fa89fd3605a36ebc094849ca918fe266e545d435a70cbeec4764975e0
endless_match	coca_cola	image	aggressive_footballer_slide_loop.png	endless_match_aggressive_footballer_slide_loop	7837fb5c1f68426c79fa684ba3765979b8039e81f432ad19a0a229a29d8dbfae	99765	https://game-sdk-assets.spapp.zabka.pl/remote-assets/assets/7837fb5c1f68426c79fa684ba3765979b8039e81f432ad19a0a229a29d8dbfae
endless_match	coca_cola	image	ball.png	endless_match_ball	979924a8afa647f6a585c98d10daab48e25f82d8deff510d50c64159a4bd6857	3620	https://game-sdk-assets.spapp.zabka.pl/remote-assets/assets/979924a8afa647f6a585c98d10daab48e25f82d8deff510d50c64159a4bd6857
endless_match	coca_cola	image	ball_rotation.png	endless_match_ball_rotation	437bbe7a4e40ec9246faac1b53f69806a4a2e657ff62a0dbeae46204a4791adb	20366	https://game-sdk-assets.spapp.zabka.pl/remote-assets/assets/437bbe7a4e40ec9246faac1b53f69806a4a2e657ff62a0dbeae46204a4791adb
endless_match	coca_cola	image	barrier_obstacle.png	endless_match_barrier_obstacle	987e83a6657aa1d6feb59630e3a12e390befd5fe75956e7323d8b39b26e6d3ef	5790	https://game-sdk-assets.spapp.zabka.pl/remote-assets/assets/987e83a6657aa1d6feb59630e3a12e390befd5fe75956e7323d8b39b26e6d3ef
endless_match	coca_cola	image	bottom_hud_banner.png	endless_match_bottom_hud_banner	9d9e83c004f65dc97ed9b0a4f53e1842d77c7ed205ad2964f685923b6264f53d	5471	https://game-sdk-assets.spapp.zabka.pl/remote-assets/assets/9d9e83c004f65dc97ed9b0a4f53e1842d77c7ed205ad2964f685923b6264f53d
endless_match	coca_cola	image	coin.png	endless_match_coin	3911f0686bc392f29123a4bc748ef1b523dc786fb9f1c97f93314875f695294b	1241	https://game-sdk-assets.spapp.zabka.pl/remote-assets/assets/3911f0686bc392f29123a4bc748ef1b523dc786fb9f1c97f93314875f695294b
endless_match	coca_cola	image	collision_effect_with_ball.png	endless_match_collision_effect_with_ball	1dd70aad9be7d91b9302a34b89ea769a0a761531196c7bb5a0dd9c611341c1df	9568	https://game-sdk-assets.spapp.zabka.pl/remote-assets/assets/1dd70aad9be7d91b9302a34b89ea769a0a761531196c7bb5a0dd9c611341c1df
endless_match	coca_cola	image	collision_effect_without_ball.png	endless_match_collision_effect_without_ball	b8f007d6fdccf816ab513889c8e40fca107dacefca9fe4af48855e77e2c541ef	9565	https://game-sdk-assets.spapp.zabka.pl/remote-assets/assets/b8f007d6fdccf816ab513889c8e40fca107dacefca9fe4af48855e77e2c541ef
endless_match	coca_cola	image	defensive_footballer_idle.png	endless_match_defensive_footballer_idle	5949302adddf8a93efa54ab561d7bbb89e5eb867a402c8f28adff3b644ef9d46	141735	https://game-sdk-assets.spapp.zabka.pl/remote-assets/assets/5949302adddf8a93efa54ab561d7bbb89e5eb867a402c8f28adff3b644ef9d46
endless_match	coca_cola	image	defensive_footballer_slide_entry.png	endless_match_defensive_footballer_slide_entry	ec6b88cdb89d2174a696c0b58df201f18cd5e82119c8f1d7268d92bdb4103c1b	48809	https://game-sdk-assets.spapp.zabka.pl/remote-assets/assets/ec6b88cdb89d2174a696c0b58df201f18cd5e82119c8f1d7268d92bdb4103c1b
endless_match	coca_cola	image	defensive_footballer_slide_loop.png	endless_match_defensive_footballer_slide_loop	71bdcdc97dec3c9f6a8d6577fb97694cd17b35f8722c51581e945484df0dda47	101919	https://game-sdk-assets.spapp.zabka.pl/remote-assets/assets/71bdcdc97dec3c9f6a8d6577fb97694cd17b35f8722c51581e945484df0dda47
endless_match	coca_cola	image	fail_effect.png	endless_match_fail_effect	d98eddc9ecb73555bd2780e0bd257b9e47b04f89c5beda3c48ff813fc072bac8	3397	https://game-sdk-assets.spapp.zabka.pl/remote-assets/assets/d98eddc9ecb73555bd2780e0bd257b9e47b04f89c5beda3c48ff813fc072bac8
endless_match	coca_cola	image	gatekeeper_idle_v2.png	endless_match_gatekeeper_idle_v2	4510d31afafa8dd1c7e87f6bac5673632d36736e5943b14b58415116fd3a3c32	68679	https://game-sdk-assets.spapp.zabka.pl/remote-assets/assets/4510d31afafa8dd1c7e87f6bac5673632d36736e5943b14b58415116fd3a3c32
endless_match	coca_cola	image	gatekeeper_with_ball_v2.png	endless_match_gatekeeper_with_ball_v2	356692af6263a98737ac761c0eea0f00464c95b98de1830f449fe8c8b9b799a2	29373	https://game-sdk-assets.spapp.zabka.pl/remote-assets/assets/356692af6263a98737ac761c0eea0f00464c95b98de1830f449fe8c8b9b799a2
endless_match	coca_cola	image	goal.png	endless_match_goal	ce664827f9bd91795347218e5bc836a7b4b56be5d153e794a20aa415c3e8dd8e	8291	https://game-sdk-assets.spapp.zabka.pl/remote-assets/assets/ce664827f9bd91795347218e5bc836a7b4b56be5d153e794a20aa415c3e8dd8e
endless_match	coca_cola	image	gool_effect.png	endless_match_gool_effect	3d13f9bfa1ac637adaec77ed33ca3fe5e566ec4ef42e0340968ea02cb81c26bb	4398	https://game-sdk-assets.spapp.zabka.pl/remote-assets/assets/3d13f9bfa1ac637adaec77ed33ca3fe5e566ec4ef42e0340968ea02cb81c26bb
endless_match	coca_cola	image	grass_background.png	endless_match_grass_background	cf7518705247dba7dc67bf15171e03752531c5e2d32c6073fd116c02bdaaceba	55015	https://game-sdk-assets.spapp.zabka.pl/remote-assets/assets/cf7518705247dba7dc67bf15171e03752531c5e2d32c6073fd116c02bdaaceba
endless_match	coca_cola	image	grass_logo_v2.png	endless_match_grass_logo_v2	f816e7b9d958dff4a3c66f53d1b3f86ea45161b2951e4a77e215bfa1c998d1a5	4525	https://game-sdk-assets.spapp.zabka.pl/remote-assets/assets/f816e7b9d958dff4a3c66f53d1b3f86ea45161b2951e4a77e215bfa1c998d1a5
endless_match	coca_cola	image	inner_shadow.png	endless_match_inner_shadow	2cafa1df3220be6d1b9a66283e01b95d55fd5d2a7dfb6048e8018eb18f7f21b0	22026	https://game-sdk-assets.spapp.zabka.pl/remote-assets/assets/2cafa1df3220be6d1b9a66283e01b95d55fd5d2a7dfb6048e8018eb18f7f21b0
endless_match	coca_cola	image	kicked_ball_entry.png	endless_match_kicked_ball_entry	2f4242d7cdc1ba8e1f641744d45951de9efdfdad94427ed3da125f95ebf30e0a	4004	https://game-sdk-assets.spapp.zabka.pl/remote-assets/assets/2f4242d7cdc1ba8e1f641744d45951de9efdfdad94427ed3da125f95ebf30e0a
endless_match	coca_cola	image	kicked_ball_flight.png	endless_match_kicked_ball_flight	27aba4ab15efa2778ffcc31ae910f9aa6a297c65a091148a3ab28e8d8f07135a	6473	https://game-sdk-assets.spapp.zabka.pl/remote-assets/assets/27aba4ab15efa2778ffcc31ae910f9aa6a297c65a091148a3ab28e8d8f07135a
endless_match	coca_cola	image	lost_ball_effect.png	endless_match_lost_ball_effect	32cd8850ef6641868ce3b75bb999c3b5bffbb650fe82cc71ef08cd784a2a0ff5	12206	https://game-sdk-assets.spapp.zabka.pl/remote-assets/assets/32cd8850ef6641868ce3b75bb999c3b5bffbb650fe82cc71ef08cd784a2a0ff5
endless_match	coca_cola	image	mud_active.png	endless_match_mud_active	89b191ba04f3365f42cfb6c4554140583138d4265bddde81ce1173bb0032d7fb	4661	https://game-sdk-assets.spapp.zabka.pl/remote-assets/assets/89b191ba04f3365f42cfb6c4554140583138d4265bddde81ce1173bb0032d7fb
endless_match	coca_cola	image	mud_inactive.png	endless_match_mud_inactive	eaf4b375100d2540bf127688d8f65717d3e69f9a9a3b9efd1155cede2887666d	4722	https://game-sdk-assets.spapp.zabka.pl/remote-assets/assets/eaf4b375100d2540bf127688d8f65717d3e69f9a9a3b9efd1155cede2887666d
endless_match	coca_cola	image	objective_indicator_ball_icon.png	endless_match_objective_indicator_ball_icon	4781b99cfa10f6547a4c37ce03eb04cc93fdbc369b7bbd2343288c0017b411db	565	https://game-sdk-assets.spapp.zabka.pl/remote-assets/assets/4781b99cfa10f6547a4c37ce03eb04cc93fdbc369b7bbd2343288c0017b411db
endless_match	coca_cola	image	objective_indicator_bubble.png	endless_match_objective_indicator_bubble	4bb2b8e001ea3882e43ddb7e6537e5ae29587c78d97a878eb91ce6cdf81b0606	2922	https://game-sdk-assets.spapp.zabka.pl/remote-assets/assets/4bb2b8e001ea3882e43ddb7e6537e5ae29587c78d97a878eb91ce6cdf81b0606
endless_match	coca_cola	image	objective_indicator_goal_icon.png	endless_match_objective_indicator_goal_icon	c7040e78afe65cd9cfeb12026f9dcbf1bd0bef22a2693ed723b70ed91a2b36a9	420	https://game-sdk-assets.spapp.zabka.pl/remote-assets/assets/c7040e78afe65cd9cfeb12026f9dcbf1bd0bef22a2693ed723b70ed91a2b36a9
endless_match	coca_cola	image	player_run_side.png	endless_match_player_run_side	9e53d6d34ae8024689239c27b2c0912f915b8d05e857f41c3c6fd801d1e7e126	74381	https://game-sdk-assets.spapp.zabka.pl/remote-assets/assets/9e53d6d34ae8024689239c27b2c0912f915b8d05e857f41c3c6fd801d1e7e126
endless_match	coca_cola	image	player_run_straight.png	endless_match_player_run_straight	dca93ea42d7d1c7a8558f741c5abecef2d62e30518d51e348cd6273ccc88a4ad	66419	https://game-sdk-assets.spapp.zabka.pl/remote-assets/assets/dca93ea42d7d1c7a8558f741c5abecef2d62e30518d51e348cd6273ccc88a4ad
endless_match	coca_cola	image	player_slide_v2.png	endless_match_player_slide_v2	1a0df8d68beef345ea0163d2bf93c137ca1a984d4108525aae41c093616810e3	94340	https://game-sdk-assets.spapp.zabka.pl/remote-assets/assets/1a0df8d68beef345ea0163d2bf93c137ca1a984d4108525aae41c093616810e3
endless_match	coca_cola	image	score_icon.png	endless_match_score_icon	9e8dd85f8ed3b361c1457b8525291f279c9cf95aa2a71da4ce362b105567fcf3	1307	https://game-sdk-assets.spapp.zabka.pl/remote-assets/assets/9e8dd85f8ed3b361c1457b8525291f279c9cf95aa2a71da4ce362b105567fcf3
endless_match	coca_cola	image	shield_power_up.png	endless_match_shield_power_up	25342cc25763376265a055afafa5c0cc81af0f843939a0787af3e0d7bffdf007	54422	https://game-sdk-assets.spapp.zabka.pl/remote-assets/assets/25342cc25763376265a055afafa5c0cc81af0f843939a0787af3e0d7bffdf007
endless_match	coca_cola	image	shield_power_up_animated_icon.png	endless_match_shield_power_up_animated_icon	1dcb44b4f3b9ebc0b9c53a310fa58a502c554d78e07de10473179783acbc5b07	21052	https://game-sdk-assets.spapp.zabka.pl/remote-assets/assets/1dcb44b4f3b9ebc0b9c53a310fa58a502c554d78e07de10473179783acbc5b07
endless_match	coca_cola	audio	background_music.mp3	endless_match_background_music	5abd4b2a8ffe071658882a96a3fcfc5ee69297cc6bd23329c7ea1e4587f9cd4c	314379	https://game-sdk-assets.spapp.zabka.pl/remote-assets/assets/5abd4b2a8ffe071658882a96a3fcfc5ee69297cc6bd23329c7ea1e4587f9cd4c
endless_match	coca_cola	audio	ball_collected.mp3	endless_match_ball_collected	90f7648d0d95b16a4ed2466d74f03fea57c50378c52b8cd636e237a6d655db73	34485	https://game-sdk-assets.spapp.zabka.pl/remote-assets/assets/90f7648d0d95b16a4ed2466d74f03fea57c50378c52b8cd636e237a6d655db73
endless_match	coca_cola	audio	ball_kicked.mp3	endless_match_ball_kicked	ab1e70a2b2df8300e4bba63694c72bc6490407de16a9792d4d41af9cb03465ac	6141	https://game-sdk-assets.spapp.zabka.pl/remote-assets/assets/ab1e70a2b2df8300e4bba63694c72bc6490407de16a9792d4d41af9cb03465ac
endless_match	coca_cola	audio	barrier_or_goal_hit.mp3	endless_match_barrier_or_goal_hit	665b2f592ce4cf67bd78fe7ae11d57285305a7a3f4a5795fe3165fd5927fc384	20877	https://game-sdk-assets.spapp.zabka.pl/remote-assets/assets/665b2f592ce4cf67bd78fe7ae11d57285305a7a3f4a5795fe3165fd5927fc384
endless_match	coca_cola	audio	coin_collect.mp3	endless_match_coin_collect	daaf08dfb15644eba0ada8a694412bdd6843b11fc09ebe51af90bc58f0d66c2f	7277	https://game-sdk-assets.spapp.zabka.pl/remote-assets/assets/daaf08dfb15644eba0ada8a694412bdd6843b11fc09ebe51af90bc58f0d66c2f
endless_match	coca_cola	audio	collect_shield.mp3	endless_match_collect_shield	bd3ebc057b6468aa0e29ef8da134988bb02149d23b87d7501ce6cb5b2e977931	21748	https://game-sdk-assets.spapp.zabka.pl/remote-assets/assets/bd3ebc057b6468aa0e29ef8da134988bb02149d23b87d7501ce6cb5b2e977931
endless_match	coca_cola	audio	collision_shielded.mp3	endless_match_collision_shielded	15481afdb8cdb3faf60a77b0aa53ae80d2aac24efa2ea52f04840de7318d31ee	25540	https://game-sdk-assets.spapp.zabka.pl/remote-assets/assets/15481afdb8cdb3faf60a77b0aa53ae80d2aac24efa2ea52f04840de7318d31ee
endless_match	coca_cola	audio	footballer_dash.mp3	endless_match_footballer_dash	94aa78d002c4153eafc7666c5df71ad13c7043ffc35783ef5d24bec9a7fa0994	46125	https://game-sdk-assets.spapp.zabka.pl/remote-assets/assets/94aa78d002c4153eafc7666c5df71ad13c7043ffc35783ef5d24bec9a7fa0994
endless_match	coca_cola	audio	footballer_or_gatekeeper_hit.mp3	endless_match_footballer_or_gatekeeper_hit	ac29a7ccac96feca9a7c38a9340946ba72e21deebf6143df7b94af61aa4b0a6b	7437	https://game-sdk-assets.spapp.zabka.pl/remote-assets/assets/ac29a7ccac96feca9a7c38a9340946ba72e21deebf6143df7b94af61aa4b0a6b
endless_match	coca_cola	audio	game_start.mp3	endless_match_game_start	72fb9dc4a023378ba922f4425da93dc71785192fe74fbf97aef857b476a45075	26013	https://game-sdk-assets.spapp.zabka.pl/remote-assets/assets/72fb9dc4a023378ba922f4425da93dc71785192fe74fbf97aef857b476a45075
endless_match	coca_cola	audio	goal_failed.mp3	endless_match_goal_failed	6cb704b5380ea9481882e03bead901d50140a9d75c3c81d51554d5c84236fb43	17524	https://game-sdk-assets.spapp.zabka.pl/remote-assets/assets/6cb704b5380ea9481882e03bead901d50140a9d75c3c81d51554d5c84236fb43
endless_match	coca_cola	audio	goal_scored.mp3	endless_match_goal_scored	c1d5f9fcdfba632e8282ee087eea8535df814046dcdf9ae48c427a3a7c7607ee	25300	https://game-sdk-assets.spapp.zabka.pl/remote-assets/assets/c1d5f9fcdfba632e8282ee087eea8535df814046dcdf9ae48c427a3a7c7607ee
endless_match	coca_cola	audio	mud_entered.mp3	endless_match_mud_entered	b64695b7cb95ce185e2bdf502ff7d7a5078d0f772e3bfc3c7f96a65f9cc2fd74	26788	https://game-sdk-assets.spapp.zabka.pl/remote-assets/assets/b64695b7cb95ce185e2bdf502ff7d7a5078d0f772e3bfc3c7f96a65f9cc2fd74
endless_match	coca_cola	vector	home_rounded.svg	endless_match_home_rounded	7530584d1c1d122abd118d7a1e0256c16a1215eae5559cddaa4844adb0109c34	999	https://game-sdk-assets.spapp.zabka.pl/remote-assets/assets/7530584d1c1d122abd118d7a1e0256c16a1215eae5559cddaa4844adb0109c34
endless_match	coca_cola	video	onboarding.mp4	endless_match_onboarding	5a4d605c4f76d0ea25985f8fc21c78c0240946f32a7f6b66f5328733fa9f2256	13109969	https://game-sdk-assets.spapp.zabka.pl/remote-assets/assets/5a4d605c4f76d0ea25985f8fc21c78c0240946f32a7f6b66f5328733fa9f2256
endless_match	coca_cola	font	LuckiestGuy-Regular.ttf	endless_match_luckiestguy_regular	fbe683091b0db0faa8f38e5227ad3bc17dc67f119f27ff10a63d72f5f9bb9da3	58324	https://game-sdk-assets.spapp.zabka.pl/remote-assets/assets/fbe683091b0db0faa8f38e5227ad3bc17dc67f119f27ff10a63d72f5f9bb9da3
endless_match	coca_cola	font	PressStart2P-Regular.ttf	endless_match_pressstart2p_regular	8d0248e41694fdd875dbcde859ee1bae5982ecfdc6c7e5e451b48950d29ba95a	116008	https://game-sdk-assets.spapp.zabka.pl/remote-assets/assets/8d0248e41694fdd875dbcde859ee1bae5982ecfdc6c7e5e451b48950d29ba95a
endless_match	default_powerup	image	aggressive_footballer_idle.png	endless_match_aggressive_footballer_idle	4dad18b0b628e709dd51160b1de3cff066816e1ac50bbfa84832e58976865019	24236	https://game-sdk-assets.spapp.zabka.pl/remote-assets/assets/4dad18b0b628e709dd51160b1de3cff066816e1ac50bbfa84832e58976865019
endless_match	default_powerup	image	aggressive_footballer_slide_entry.png	endless_match_aggressive_footballer_slide_entry	cfbd015080c4e061969e3b3a39a6a2137b8d383f71a536b43eea70c9b2da59ae	41050	https://game-sdk-assets.spapp.zabka.pl/remote-assets/assets/cfbd015080c4e061969e3b3a39a6a2137b8d383f71a536b43eea70c9b2da59ae
endless_match	default_powerup	image	aggressive_footballer_slide_loop.png	endless_match_aggressive_footballer_slide_loop	907e8615327a387e318bd64c7e674f6b65b13e89b2348f7326b2833883e94164	73593	https://game-sdk-assets.spapp.zabka.pl/remote-assets/assets/907e8615327a387e318bd64c7e674f6b65b13e89b2348f7326b2833883e94164
endless_match	default_powerup	image	ball.png	endless_match_ball	4a49a756045cc2e4962f15b58d696833fc32a9facb53a25b3b3c9a82fa8dee73	3703	https://game-sdk-assets.spapp.zabka.pl/remote-assets/assets/4a49a756045cc2e4962f15b58d696833fc32a9facb53a25b3b3c9a82fa8dee73
endless_match	default_powerup	image	ball_rotation.png	endless_match_ball_rotation	4db0075336548aa9146d64cbfb679d920d7b315f3fac5717968f602f6920018c	21355	https://game-sdk-assets.spapp.zabka.pl/remote-assets/assets/4db0075336548aa9146d64cbfb679d920d7b315f3fac5717968f602f6920018c
endless_match	default_powerup	image	barrier_obstacle.png	endless_match_barrier_obstacle	a85840e9dba018cb1e686a585e24f54ae7b9cc1df14b34d1c942c5c52852a5af	8083	https://game-sdk-assets.spapp.zabka.pl/remote-assets/assets/a85840e9dba018cb1e686a585e24f54ae7b9cc1df14b34d1c942c5c52852a5af
endless_match	default_powerup	image	bottom_hud_banner.png	endless_match_bottom_hud_banner	b2cdb6d13df35ce8ee49365c8c0401256bad9ef4f1e8a332e94d09d5ef34251e	5950	https://game-sdk-assets.spapp.zabka.pl/remote-assets/assets/b2cdb6d13df35ce8ee49365c8c0401256bad9ef4f1e8a332e94d09d5ef34251e
endless_match	default_powerup	image	coin.png	endless_match_coin	4892fad3fe62b56da40f3e3614495fe764c00138cde01a194ac4d7d1f11739d1	628	https://game-sdk-assets.spapp.zabka.pl/remote-assets/assets/4892fad3fe62b56da40f3e3614495fe764c00138cde01a194ac4d7d1f11739d1
endless_match	default_powerup	image	collision_effect_with_ball.png	endless_match_collision_effect_with_ball	1dd70aad9be7d91b9302a34b89ea769a0a761531196c7bb5a0dd9c611341c1df	9568	https://game-sdk-assets.spapp.zabka.pl/remote-assets/assets/1dd70aad9be7d91b9302a34b89ea769a0a761531196c7bb5a0dd9c611341c1df
endless_match	default_powerup	image	collision_effect_without_ball.png	endless_match_collision_effect_without_ball	b8f007d6fdccf816ab513889c8e40fca107dacefca9fe4af48855e77e2c541ef	9565	https://game-sdk-assets.spapp.zabka.pl/remote-assets/assets/b8f007d6fdccf816ab513889c8e40fca107dacefca9fe4af48855e77e2c541ef
endless_match	default_powerup	image	defensive_footballer_idle.png	endless_match_defensive_footballer_idle	a44920b9b8b182dedd74c525aef79707d857a2e04453e05e8e8249d18aa3db8c	48571	https://game-sdk-assets.spapp.zabka.pl/remote-assets/assets/a44920b9b8b182dedd74c525aef79707d857a2e04453e05e8e8249d18aa3db8c
endless_match	default_powerup	image	defensive_footballer_slide_entry.png	endless_match_defensive_footballer_slide_entry	9a59f9af44dfd9c68d4a18fb2b9a88dbc3ec1e362b696f7273bad6df7d7d8c69	40893	https://game-sdk-assets.spapp.zabka.pl/remote-assets/assets/9a59f9af44dfd9c68d4a18fb2b9a88dbc3ec1e362b696f7273bad6df7d7d8c69
endless_match	default_powerup	image	defensive_footballer_slide_loop.png	endless_match_defensive_footballer_slide_loop	c309516bbd8def9ac54ada18c7e82aa14228bf894ace66a55323238b518096bc	79411	https://game-sdk-assets.spapp.zabka.pl/remote-assets/assets/c309516bbd8def9ac54ada18c7e82aa14228bf894ace66a55323238b518096bc
endless_match	default_powerup	image	fail_effect.png	endless_match_fail_effect	b5ee26369457018939a43d825c9a6c305f70aa632ea7eb7ec0c253bfc0b67655	1964	https://game-sdk-assets.spapp.zabka.pl/remote-assets/assets/b5ee26369457018939a43d825c9a6c305f70aa632ea7eb7ec0c253bfc0b67655
endless_match	default_powerup	image	gatekeeper_idle_v2.png	endless_match_gatekeeper_idle_v2	e315a454d9781622c8f2a5ed7e3520b813cc1b043a6e9d39b7c22d6bf2be66ad	59465	https://game-sdk-assets.spapp.zabka.pl/remote-assets/assets/e315a454d9781622c8f2a5ed7e3520b813cc1b043a6e9d39b7c22d6bf2be66ad
endless_match	default_powerup	image	gatekeeper_with_ball_v2.png	endless_match_gatekeeper_with_ball_v2	84ba796d5b4b07c3c8305e84b5783a4341a5d6aa449f5851c061a6ecd29b03fd	34205	https://game-sdk-assets.spapp.zabka.pl/remote-assets/assets/84ba796d5b4b07c3c8305e84b5783a4341a5d6aa449f5851c061a6ecd29b03fd
endless_match	default_powerup	image	goal.png	endless_match_goal	106ab5bbaeecedc03d05fd593bf033907dc08d14a6dff2d5d57fdd11f179419b	8063	https://game-sdk-assets.spapp.zabka.pl/remote-assets/assets/106ab5bbaeecedc03d05fd593bf033907dc08d14a6dff2d5d57fdd11f179419b
endless_match	default_powerup	image	gool_effect.png	endless_match_gool_effect	485dae7dba401a3977d265d5aaf13cc00cb80275017dbe6b6fbd4b2a7a1206b9	1994	https://game-sdk-assets.spapp.zabka.pl/remote-assets/assets/485dae7dba401a3977d265d5aaf13cc00cb80275017dbe6b6fbd4b2a7a1206b9
endless_match	default_powerup	image	grass_background.png	endless_match_grass_background	cf7518705247dba7dc67bf15171e03752531c5e2d32c6073fd116c02bdaaceba	55015	https://game-sdk-assets.spapp.zabka.pl/remote-assets/assets/cf7518705247dba7dc67bf15171e03752531c5e2d32c6073fd116c02bdaaceba
endless_match	default_powerup	image	grass_logo_v2.png	endless_match_grass_logo_v2	4451f88205e0d046c4f0134f778c809eb23a8e2965690d352f395f076e25622f	1484	https://game-sdk-assets.spapp.zabka.pl/remote-assets/assets/4451f88205e0d046c4f0134f778c809eb23a8e2965690d352f395f076e25622f
endless_match	default_powerup	image	inner_shadow.png	endless_match_inner_shadow	2cafa1df3220be6d1b9a66283e01b95d55fd5d2a7dfb6048e8018eb18f7f21b0	22026	https://game-sdk-assets.spapp.zabka.pl/remote-assets/assets/2cafa1df3220be6d1b9a66283e01b95d55fd5d2a7dfb6048e8018eb18f7f21b0
endless_match	default_powerup	image	kicked_ball_entry.png	endless_match_kicked_ball_entry	5d5581ee13ddc4c544546afa409ec1e967cfbb5e042a977a930456a1e25de395	3759	https://game-sdk-assets.spapp.zabka.pl/remote-assets/assets/5d5581ee13ddc4c544546afa409ec1e967cfbb5e042a977a930456a1e25de395
endless_match	default_powerup	image	kicked_ball_flight.png	endless_match_kicked_ball_flight	121c8e3eab487cda8ea07e210f589ef1c687e38e4e0a738da7a9e1c3664c5386	7234	https://game-sdk-assets.spapp.zabka.pl/remote-assets/assets/121c8e3eab487cda8ea07e210f589ef1c687e38e4e0a738da7a9e1c3664c5386
endless_match	default_powerup	image	lost_ball_effect.png	endless_match_lost_ball_effect	32cd8850ef6641868ce3b75bb999c3b5bffbb650fe82cc71ef08cd784a2a0ff5	12206	https://game-sdk-assets.spapp.zabka.pl/remote-assets/assets/32cd8850ef6641868ce3b75bb999c3b5bffbb650fe82cc71ef08cd784a2a0ff5
endless_match	default_powerup	image	mud_active.png	endless_match_mud_active	89b191ba04f3365f42cfb6c4554140583138d4265bddde81ce1173bb0032d7fb	4661	https://game-sdk-assets.spapp.zabka.pl/remote-assets/assets/89b191ba04f3365f42cfb6c4554140583138d4265bddde81ce1173bb0032d7fb
endless_match	default_powerup	image	mud_inactive.png	endless_match_mud_inactive	eaf4b375100d2540bf127688d8f65717d3e69f9a9a3b9efd1155cede2887666d	4722	https://game-sdk-assets.spapp.zabka.pl/remote-assets/assets/eaf4b375100d2540bf127688d8f65717d3e69f9a9a3b9efd1155cede2887666d
endless_match	default_powerup	image	objective_indicator_ball_icon.png	endless_match_objective_indicator_ball_icon	4781b99cfa10f6547a4c37ce03eb04cc93fdbc369b7bbd2343288c0017b411db	565	https://game-sdk-assets.spapp.zabka.pl/remote-assets/assets/4781b99cfa10f6547a4c37ce03eb04cc93fdbc369b7bbd2343288c0017b411db
endless_match	default_powerup	image	objective_indicator_bubble.png	endless_match_objective_indicator_bubble	4bb2b8e001ea3882e43ddb7e6537e5ae29587c78d97a878eb91ce6cdf81b0606	2922	https://game-sdk-assets.spapp.zabka.pl/remote-assets/assets/4bb2b8e001ea3882e43ddb7e6537e5ae29587c78d97a878eb91ce6cdf81b0606
endless_match	default_powerup	image	objective_indicator_goal_icon.png	endless_match_objective_indicator_goal_icon	c7040e78afe65cd9cfeb12026f9dcbf1bd0bef22a2693ed723b70ed91a2b36a9	420	https://game-sdk-assets.spapp.zabka.pl/remote-assets/assets/c7040e78afe65cd9cfeb12026f9dcbf1bd0bef22a2693ed723b70ed91a2b36a9
endless_match	default_powerup	image	player_run_side.png	endless_match_player_run_side	8b4ab71e8885724dd8f0044b5c2b624617bd2ed294f008e06cefd6977d414f38	59607	https://game-sdk-assets.spapp.zabka.pl/remote-assets/assets/8b4ab71e8885724dd8f0044b5c2b624617bd2ed294f008e06cefd6977d414f38
endless_match	default_powerup	image	player_run_straight.png	endless_match_player_run_straight	d9c3e383a5c36d69f5024e8a79a17d495082a9ee059de580efd0bc89e8ad5691	61692	https://game-sdk-assets.spapp.zabka.pl/remote-assets/assets/d9c3e383a5c36d69f5024e8a79a17d495082a9ee059de580efd0bc89e8ad5691
endless_match	default_powerup	image	player_slide_v2.png	endless_match_player_slide_v2	145a6b7c2d1a17946aa457994b397a6ed8dfd4b9b0fe28c5648c480bae2e039d	89951	https://game-sdk-assets.spapp.zabka.pl/remote-assets/assets/145a6b7c2d1a17946aa457994b397a6ed8dfd4b9b0fe28c5648c480bae2e039d
endless_match	default_powerup	image	score_icon.png	endless_match_score_icon	9e8dd85f8ed3b361c1457b8525291f279c9cf95aa2a71da4ce362b105567fcf3	1307	https://game-sdk-assets.spapp.zabka.pl/remote-assets/assets/9e8dd85f8ed3b361c1457b8525291f279c9cf95aa2a71da4ce362b105567fcf3
endless_match	default_powerup	image	shield_power_up.png	endless_match_shield_power_up	d2b00c8e0a10fd4722bd227dd4849f968032fc7880c950ed1145a8c7b1c73909	195652	https://game-sdk-assets.spapp.zabka.pl/remote-assets/assets/d2b00c8e0a10fd4722bd227dd4849f968032fc7880c950ed1145a8c7b1c73909
endless_match	default_powerup	image	shield_power_up_animated_icon.png	endless_match_shield_power_up_animated_icon	8b6d2fdc621e9073fb5f25cbf3d827a372119c1af21e4e37fd308230a3b8fa56	58465	https://game-sdk-assets.spapp.zabka.pl/remote-assets/assets/8b6d2fdc621e9073fb5f25cbf3d827a372119c1af21e4e37fd308230a3b8fa56
endless_match	default_powerup	audio	background_music.mp3	endless_match_background_music	5abd4b2a8ffe071658882a96a3fcfc5ee69297cc6bd23329c7ea1e4587f9cd4c	314379	https://game-sdk-assets.spapp.zabka.pl/remote-assets/assets/5abd4b2a8ffe071658882a96a3fcfc5ee69297cc6bd23329c7ea1e4587f9cd4c
endless_match	default_powerup	audio	ball_collected.mp3	endless_match_ball_collected	90f7648d0d95b16a4ed2466d74f03fea57c50378c52b8cd636e237a6d655db73	34485	https://game-sdk-assets.spapp.zabka.pl/remote-assets/assets/90f7648d0d95b16a4ed2466d74f03fea57c50378c52b8cd636e237a6d655db73
endless_match	default_powerup	audio	ball_kicked.mp3	endless_match_ball_kicked	ab1e70a2b2df8300e4bba63694c72bc6490407de16a9792d4d41af9cb03465ac	6141	https://game-sdk-assets.spapp.zabka.pl/remote-assets/assets/ab1e70a2b2df8300e4bba63694c72bc6490407de16a9792d4d41af9cb03465ac
endless_match	default_powerup	audio	barrier_or_goal_hit.mp3	endless_match_barrier_or_goal_hit	665b2f592ce4cf67bd78fe7ae11d57285305a7a3f4a5795fe3165fd5927fc384	20877	https://game-sdk-assets.spapp.zabka.pl/remote-assets/assets/665b2f592ce4cf67bd78fe7ae11d57285305a7a3f4a5795fe3165fd5927fc384
endless_match	default_powerup	audio	coin_collect.mp3	endless_match_coin_collect	daaf08dfb15644eba0ada8a694412bdd6843b11fc09ebe51af90bc58f0d66c2f	7277	https://game-sdk-assets.spapp.zabka.pl/remote-assets/assets/daaf08dfb15644eba0ada8a694412bdd6843b11fc09ebe51af90bc58f0d66c2f
endless_match	default_powerup	audio	collect_shield.mp3	endless_match_collect_shield	bd3ebc057b6468aa0e29ef8da134988bb02149d23b87d7501ce6cb5b2e977931	21748	https://game-sdk-assets.spapp.zabka.pl/remote-assets/assets/bd3ebc057b6468aa0e29ef8da134988bb02149d23b87d7501ce6cb5b2e977931
endless_match	default_powerup	audio	collision_shielded.mp3	endless_match_collision_shielded	15481afdb8cdb3faf60a77b0aa53ae80d2aac24efa2ea52f04840de7318d31ee	25540	https://game-sdk-assets.spapp.zabka.pl/remote-assets/assets/15481afdb8cdb3faf60a77b0aa53ae80d2aac24efa2ea52f04840de7318d31ee
endless_match	default_powerup	audio	footballer_dash.mp3	endless_match_footballer_dash	94aa78d002c4153eafc7666c5df71ad13c7043ffc35783ef5d24bec9a7fa0994	46125	https://game-sdk-assets.spapp.zabka.pl/remote-assets/assets/94aa78d002c4153eafc7666c5df71ad13c7043ffc35783ef5d24bec9a7fa0994
endless_match	default_powerup	audio	footballer_or_gatekeeper_hit.mp3	endless_match_footballer_or_gatekeeper_hit	ac29a7ccac96feca9a7c38a9340946ba72e21deebf6143df7b94af61aa4b0a6b	7437	https://game-sdk-assets.spapp.zabka.pl/remote-assets/assets/ac29a7ccac96feca9a7c38a9340946ba72e21deebf6143df7b94af61aa4b0a6b
endless_match	default_powerup	audio	game_start.mp3	endless_match_game_start	72fb9dc4a023378ba922f4425da93dc71785192fe74fbf97aef857b476a45075	26013	https://game-sdk-assets.spapp.zabka.pl/remote-assets/assets/72fb9dc4a023378ba922f4425da93dc71785192fe74fbf97aef857b476a45075
endless_match	default_powerup	audio	goal_failed.mp3	endless_match_goal_failed	6cb704b5380ea9481882e03bead901d50140a9d75c3c81d51554d5c84236fb43	17524	https://game-sdk-assets.spapp.zabka.pl/remote-assets/assets/6cb704b5380ea9481882e03bead901d50140a9d75c3c81d51554d5c84236fb43
endless_match	default_powerup	audio	goal_scored.mp3	endless_match_goal_scored	c1d5f9fcdfba632e8282ee087eea8535df814046dcdf9ae48c427a3a7c7607ee	25300	https://game-sdk-assets.spapp.zabka.pl/remote-assets/assets/c1d5f9fcdfba632e8282ee087eea8535df814046dcdf9ae48c427a3a7c7607ee
endless_match	default_powerup	audio	mud_entered.mp3	endless_match_mud_entered	b64695b7cb95ce185e2bdf502ff7d7a5078d0f772e3bfc3c7f96a65f9cc2fd74	26788	https://game-sdk-assets.spapp.zabka.pl/remote-assets/assets/b64695b7cb95ce185e2bdf502ff7d7a5078d0f772e3bfc3c7f96a65f9cc2fd74
endless_match	default_powerup	vector	home_rounded.svg	endless_match_home_rounded	7530584d1c1d122abd118d7a1e0256c16a1215eae5559cddaa4844adb0109c34	999	https://game-sdk-assets.spapp.zabka.pl/remote-assets/assets/7530584d1c1d122abd118d7a1e0256c16a1215eae5559cddaa4844adb0109c34
endless_match	default_powerup	video	onboarding.mp4	endless_match_onboarding	c48805d3a2b6afe5e2df61daeceb84d6527615ee9a7d208b5c0a753e3ea1878b	15323672	https://game-sdk-assets.spapp.zabka.pl/remote-assets/assets/c48805d3a2b6afe5e2df61daeceb84d6527615ee9a7d208b5c0a753e3ea1878b
endless_match	default_powerup	font	LuckiestGuy-Regular.ttf	endless_match_luckiestguy_regular	fbe683091b0db0faa8f38e5227ad3bc17dc67f119f27ff10a63d72f5f9bb9da3	58324	https://game-sdk-assets.spapp.zabka.pl/remote-assets/assets/fbe683091b0db0faa8f38e5227ad3bc17dc67f119f27ff10a63d72f5f9bb9da3
endless_match	default_powerup	font	PressStart2P-Regular.ttf	endless_match_pressstart2p_regular	8d0248e41694fdd875dbcde859ee1bae5982ecfdc6c7e5e451b48950d29ba95a	116008	https://game-sdk-assets.spapp.zabka.pl/remote-assets/assets/8d0248e41694fdd875dbcde859ee1bae5982ecfdc6c7e5e451b48950d29ba95a
endless_match	visa	image	aggressive_footballer_idle.png	endless_match_aggressive_footballer_idle	4dad18b0b628e709dd51160b1de3cff066816e1ac50bbfa84832e58976865019	24236	https://game-sdk-assets.spapp.zabka.pl/remote-assets/assets/4dad18b0b628e709dd51160b1de3cff066816e1ac50bbfa84832e58976865019
endless_match	visa	image	aggressive_footballer_slide_entry.png	endless_match_aggressive_footballer_slide_entry	cfbd015080c4e061969e3b3a39a6a2137b8d383f71a536b43eea70c9b2da59ae	41050	https://game-sdk-assets.spapp.zabka.pl/remote-assets/assets/cfbd015080c4e061969e3b3a39a6a2137b8d383f71a536b43eea70c9b2da59ae
endless_match	visa	image	aggressive_footballer_slide_loop.png	endless_match_aggressive_footballer_slide_loop	907e8615327a387e318bd64c7e674f6b65b13e89b2348f7326b2833883e94164	73593	https://game-sdk-assets.spapp.zabka.pl/remote-assets/assets/907e8615327a387e318bd64c7e674f6b65b13e89b2348f7326b2833883e94164
endless_match	visa	image	ball.png	endless_match_ball	4a49a756045cc2e4962f15b58d696833fc32a9facb53a25b3b3c9a82fa8dee73	3703	https://game-sdk-assets.spapp.zabka.pl/remote-assets/assets/4a49a756045cc2e4962f15b58d696833fc32a9facb53a25b3b3c9a82fa8dee73
endless_match	visa	image	ball_rotation.png	endless_match_ball_rotation	4db0075336548aa9146d64cbfb679d920d7b315f3fac5717968f602f6920018c	21355	https://game-sdk-assets.spapp.zabka.pl/remote-assets/assets/4db0075336548aa9146d64cbfb679d920d7b315f3fac5717968f602f6920018c
endless_match	visa	image	barrier_obstacle.png	endless_match_barrier_obstacle	e02f1efb13a2bdce6b8285174b0bf84b11a6971c1e3df6e6d60220e5953e1353	8036	https://game-sdk-assets.spapp.zabka.pl/remote-assets/assets/e02f1efb13a2bdce6b8285174b0bf84b11a6971c1e3df6e6d60220e5953e1353
endless_match	visa	image	bottom_hud_banner.png	endless_match_bottom_hud_banner	60339b336bddb6a16489f1951c694122e54963d4de334a447fe60ee8ac7261c6	5632	https://game-sdk-assets.spapp.zabka.pl/remote-assets/assets/60339b336bddb6a16489f1951c694122e54963d4de334a447fe60ee8ac7261c6
endless_match	visa	image	coin.png	endless_match_coin	19f5928517dbdc5b7b53a05107857afee69f50101570ff317f31dcf802a81062	1305	https://game-sdk-assets.spapp.zabka.pl/remote-assets/assets/19f5928517dbdc5b7b53a05107857afee69f50101570ff317f31dcf802a81062
endless_match	visa	image	collision_effect_with_ball.png	endless_match_collision_effect_with_ball	1dd70aad9be7d91b9302a34b89ea769a0a761531196c7bb5a0dd9c611341c1df	9568	https://game-sdk-assets.spapp.zabka.pl/remote-assets/assets/1dd70aad9be7d91b9302a34b89ea769a0a761531196c7bb5a0dd9c611341c1df
endless_match	visa	image	collision_effect_without_ball.png	endless_match_collision_effect_without_ball	b8f007d6fdccf816ab513889c8e40fca107dacefca9fe4af48855e77e2c541ef	9565	https://game-sdk-assets.spapp.zabka.pl/remote-assets/assets/b8f007d6fdccf816ab513889c8e40fca107dacefca9fe4af48855e77e2c541ef
endless_match	visa	image	defensive_footballer_idle.png	endless_match_defensive_footballer_idle	a44920b9b8b182dedd74c525aef79707d857a2e04453e05e8e8249d18aa3db8c	48571	https://game-sdk-assets.spapp.zabka.pl/remote-assets/assets/a44920b9b8b182dedd74c525aef79707d857a2e04453e05e8e8249d18aa3db8c
endless_match	visa	image	defensive_footballer_slide_entry.png	endless_match_defensive_footballer_slide_entry	9a59f9af44dfd9c68d4a18fb2b9a88dbc3ec1e362b696f7273bad6df7d7d8c69	40893	https://game-sdk-assets.spapp.zabka.pl/remote-assets/assets/9a59f9af44dfd9c68d4a18fb2b9a88dbc3ec1e362b696f7273bad6df7d7d8c69
endless_match	visa	image	defensive_footballer_slide_loop.png	endless_match_defensive_footballer_slide_loop	c309516bbd8def9ac54ada18c7e82aa14228bf894ace66a55323238b518096bc	79411	https://game-sdk-assets.spapp.zabka.pl/remote-assets/assets/c309516bbd8def9ac54ada18c7e82aa14228bf894ace66a55323238b518096bc
endless_match	visa	image	fail_effect.png	endless_match_fail_effect	b5ee26369457018939a43d825c9a6c305f70aa632ea7eb7ec0c253bfc0b67655	1964	https://game-sdk-assets.spapp.zabka.pl/remote-assets/assets/b5ee26369457018939a43d825c9a6c305f70aa632ea7eb7ec0c253bfc0b67655
endless_match	visa	image	gatekeeper_idle_v2.png	endless_match_gatekeeper_idle_v2	3489430093ba9ede3d2e740840f4152d00a1436accd448d1cd1a85ac1b4682e2	71377	https://game-sdk-assets.spapp.zabka.pl/remote-assets/assets/3489430093ba9ede3d2e740840f4152d00a1436accd448d1cd1a85ac1b4682e2
endless_match	visa	image	gatekeeper_with_ball_v2.png	endless_match_gatekeeper_with_ball_v2	919885f4f47e369ed37ed8c59588bb777f30d8ca085be52b089e75c8a86eb6c6	35614	https://game-sdk-assets.spapp.zabka.pl/remote-assets/assets/919885f4f47e369ed37ed8c59588bb777f30d8ca085be52b089e75c8a86eb6c6
endless_match	visa	image	goal.png	endless_match_goal	86ba590779f86aaeb72dcdc8ffc64a5559dd527635a73c513d6eaef79b0463e5	8010	https://game-sdk-assets.spapp.zabka.pl/remote-assets/assets/86ba590779f86aaeb72dcdc8ffc64a5559dd527635a73c513d6eaef79b0463e5
endless_match	visa	image	gool_effect.png	endless_match_gool_effect	485dae7dba401a3977d265d5aaf13cc00cb80275017dbe6b6fbd4b2a7a1206b9	1994	https://game-sdk-assets.spapp.zabka.pl/remote-assets/assets/485dae7dba401a3977d265d5aaf13cc00cb80275017dbe6b6fbd4b2a7a1206b9
endless_match	visa	image	grass_background.png	endless_match_grass_background	cf7518705247dba7dc67bf15171e03752531c5e2d32c6073fd116c02bdaaceba	55015	https://game-sdk-assets.spapp.zabka.pl/remote-assets/assets/cf7518705247dba7dc67bf15171e03752531c5e2d32c6073fd116c02bdaaceba
endless_match	visa	image	grass_logo_v2.png	endless_match_grass_logo_v2	2957b289a249d89baac257e8b738a280279d03e0853cf003a70efabad0dbf9a4	97	https://game-sdk-assets.spapp.zabka.pl/remote-assets/assets/2957b289a249d89baac257e8b738a280279d03e0853cf003a70efabad0dbf9a4
endless_match	visa	image	inner_shadow.png	endless_match_inner_shadow	2cafa1df3220be6d1b9a66283e01b95d55fd5d2a7dfb6048e8018eb18f7f21b0	22026	https://game-sdk-assets.spapp.zabka.pl/remote-assets/assets/2cafa1df3220be6d1b9a66283e01b95d55fd5d2a7dfb6048e8018eb18f7f21b0
endless_match	visa	image	kicked_ball_entry.png	endless_match_kicked_ball_entry	5d5581ee13ddc4c544546afa409ec1e967cfbb5e042a977a930456a1e25de395	3759	https://game-sdk-assets.spapp.zabka.pl/remote-assets/assets/5d5581ee13ddc4c544546afa409ec1e967cfbb5e042a977a930456a1e25de395
endless_match	visa	image	kicked_ball_flight.png	endless_match_kicked_ball_flight	121c8e3eab487cda8ea07e210f589ef1c687e38e4e0a738da7a9e1c3664c5386	7234	https://game-sdk-assets.spapp.zabka.pl/remote-assets/assets/121c8e3eab487cda8ea07e210f589ef1c687e38e4e0a738da7a9e1c3664c5386
endless_match	visa	image	lost_ball_effect.png	endless_match_lost_ball_effect	32cd8850ef6641868ce3b75bb999c3b5bffbb650fe82cc71ef08cd784a2a0ff5	12206	https://game-sdk-assets.spapp.zabka.pl/remote-assets/assets/32cd8850ef6641868ce3b75bb999c3b5bffbb650fe82cc71ef08cd784a2a0ff5
endless_match	visa	image	mud_active.png	endless_match_mud_active	89b191ba04f3365f42cfb6c4554140583138d4265bddde81ce1173bb0032d7fb	4661	https://game-sdk-assets.spapp.zabka.pl/remote-assets/assets/89b191ba04f3365f42cfb6c4554140583138d4265bddde81ce1173bb0032d7fb
endless_match	visa	image	mud_inactive.png	endless_match_mud_inactive	eaf4b375100d2540bf127688d8f65717d3e69f9a9a3b9efd1155cede2887666d	4722	https://game-sdk-assets.spapp.zabka.pl/remote-assets/assets/eaf4b375100d2540bf127688d8f65717d3e69f9a9a3b9efd1155cede2887666d
endless_match	visa	image	objective_indicator_ball_icon.png	endless_match_objective_indicator_ball_icon	4781b99cfa10f6547a4c37ce03eb04cc93fdbc369b7bbd2343288c0017b411db	565	https://game-sdk-assets.spapp.zabka.pl/remote-assets/assets/4781b99cfa10f6547a4c37ce03eb04cc93fdbc369b7bbd2343288c0017b411db
endless_match	visa	image	objective_indicator_bubble.png	endless_match_objective_indicator_bubble	4bb2b8e001ea3882e43ddb7e6537e5ae29587c78d97a878eb91ce6cdf81b0606	2922	https://game-sdk-assets.spapp.zabka.pl/remote-assets/assets/4bb2b8e001ea3882e43ddb7e6537e5ae29587c78d97a878eb91ce6cdf81b0606
endless_match	visa	image	objective_indicator_goal_icon.png	endless_match_objective_indicator_goal_icon	c7040e78afe65cd9cfeb12026f9dcbf1bd0bef22a2693ed723b70ed91a2b36a9	420	https://game-sdk-assets.spapp.zabka.pl/remote-assets/assets/c7040e78afe65cd9cfeb12026f9dcbf1bd0bef22a2693ed723b70ed91a2b36a9
endless_match	visa	image	player_run_side.png	endless_match_player_run_side	6290323fab560696a1da74b65500154e15ce152d06a6f946d4fe9a30d991f2c6	52037	https://game-sdk-assets.spapp.zabka.pl/remote-assets/assets/6290323fab560696a1da74b65500154e15ce152d06a6f946d4fe9a30d991f2c6
endless_match	visa	image	player_run_straight.png	endless_match_player_run_straight	eb0d9af0037efe9ca10a80f423dec0464cbf05c4c33f89e17be9ef01375a92de	43865	https://game-sdk-assets.spapp.zabka.pl/remote-assets/assets/eb0d9af0037efe9ca10a80f423dec0464cbf05c4c33f89e17be9ef01375a92de
endless_match	visa	image	player_slide_v2.png	endless_match_player_slide_v2	d472500259b4c1f8da8c75941c788bb78dc8a126817c4006edce15edc845e21f	77969	https://game-sdk-assets.spapp.zabka.pl/remote-assets/assets/d472500259b4c1f8da8c75941c788bb78dc8a126817c4006edce15edc845e21f
endless_match	visa	image	score_icon.png	endless_match_score_icon	9e8dd85f8ed3b361c1457b8525291f279c9cf95aa2a71da4ce362b105567fcf3	1307	https://game-sdk-assets.spapp.zabka.pl/remote-assets/assets/9e8dd85f8ed3b361c1457b8525291f279c9cf95aa2a71da4ce362b105567fcf3
endless_match	visa	image	shield_power_up.png	endless_match_shield_power_up	4f97171b47d4710efa82943ac362bcd3b73860b2c3876ca19c291dbbc3f4d983	47904	https://game-sdk-assets.spapp.zabka.pl/remote-assets/assets/4f97171b47d4710efa82943ac362bcd3b73860b2c3876ca19c291dbbc3f4d983
endless_match	visa	image	shield_power_up_animated_icon.png	endless_match_shield_power_up_animated_icon	ef45d382b2653227412f2c269ad127b0ff5a35df162e4ac658d55f3c6c4048ae	18730	https://game-sdk-assets.spapp.zabka.pl/remote-assets/assets/ef45d382b2653227412f2c269ad127b0ff5a35df162e4ac658d55f3c6c4048ae
endless_match	visa	audio	background_music.mp3	endless_match_background_music	5abd4b2a8ffe071658882a96a3fcfc5ee69297cc6bd23329c7ea1e4587f9cd4c	314379	https://game-sdk-assets.spapp.zabka.pl/remote-assets/assets/5abd4b2a8ffe071658882a96a3fcfc5ee69297cc6bd23329c7ea1e4587f9cd4c
endless_match	visa	audio	ball_collected.mp3	endless_match_ball_collected	90f7648d0d95b16a4ed2466d74f03fea57c50378c52b8cd636e237a6d655db73	34485	https://game-sdk-assets.spapp.zabka.pl/remote-assets/assets/90f7648d0d95b16a4ed2466d74f03fea57c50378c52b8cd636e237a6d655db73
endless_match	visa	audio	ball_kicked.mp3	endless_match_ball_kicked	ab1e70a2b2df8300e4bba63694c72bc6490407de16a9792d4d41af9cb03465ac	6141	https://game-sdk-assets.spapp.zabka.pl/remote-assets/assets/ab1e70a2b2df8300e4bba63694c72bc6490407de16a9792d4d41af9cb03465ac
endless_match	visa	audio	barrier_or_goal_hit.mp3	endless_match_barrier_or_goal_hit	665b2f592ce4cf67bd78fe7ae11d57285305a7a3f4a5795fe3165fd5927fc384	20877	https://game-sdk-assets.spapp.zabka.pl/remote-assets/assets/665b2f592ce4cf67bd78fe7ae11d57285305a7a3f4a5795fe3165fd5927fc384
endless_match	visa	audio	coin_collect.mp3	endless_match_coin_collect	daaf08dfb15644eba0ada8a694412bdd6843b11fc09ebe51af90bc58f0d66c2f	7277	https://game-sdk-assets.spapp.zabka.pl/remote-assets/assets/daaf08dfb15644eba0ada8a694412bdd6843b11fc09ebe51af90bc58f0d66c2f
endless_match	visa	audio	collect_shield.mp3	endless_match_collect_shield	bd3ebc057b6468aa0e29ef8da134988bb02149d23b87d7501ce6cb5b2e977931	21748	https://game-sdk-assets.spapp.zabka.pl/remote-assets/assets/bd3ebc057b6468aa0e29ef8da134988bb02149d23b87d7501ce6cb5b2e977931
endless_match	visa	audio	collision_shielded.mp3	endless_match_collision_shielded	15481afdb8cdb3faf60a77b0aa53ae80d2aac24efa2ea52f04840de7318d31ee	25540	https://game-sdk-assets.spapp.zabka.pl/remote-assets/assets/15481afdb8cdb3faf60a77b0aa53ae80d2aac24efa2ea52f04840de7318d31ee
endless_match	visa	audio	footballer_dash.mp3	endless_match_footballer_dash	94aa78d002c4153eafc7666c5df71ad13c7043ffc35783ef5d24bec9a7fa0994	46125	https://game-sdk-assets.spapp.zabka.pl/remote-assets/assets/94aa78d002c4153eafc7666c5df71ad13c7043ffc35783ef5d24bec9a7fa0994
endless_match	visa	audio	footballer_or_gatekeeper_hit.mp3	endless_match_footballer_or_gatekeeper_hit	ac29a7ccac96feca9a7c38a9340946ba72e21deebf6143df7b94af61aa4b0a6b	7437	https://game-sdk-assets.spapp.zabka.pl/remote-assets/assets/ac29a7ccac96feca9a7c38a9340946ba72e21deebf6143df7b94af61aa4b0a6b
endless_match	visa	audio	game_start.mp3	endless_match_game_start	72fb9dc4a023378ba922f4425da93dc71785192fe74fbf97aef857b476a45075	26013	https://game-sdk-assets.spapp.zabka.pl/remote-assets/assets/72fb9dc4a023378ba922f4425da93dc71785192fe74fbf97aef857b476a45075
endless_match	visa	audio	goal_failed.mp3	endless_match_goal_failed	6cb704b5380ea9481882e03bead901d50140a9d75c3c81d51554d5c84236fb43	17524	https://game-sdk-assets.spapp.zabka.pl/remote-assets/assets/6cb704b5380ea9481882e03bead901d50140a9d75c3c81d51554d5c84236fb43
endless_match	visa	audio	goal_scored.mp3	endless_match_goal_scored	c1d5f9fcdfba632e8282ee087eea8535df814046dcdf9ae48c427a3a7c7607ee	25300	https://game-sdk-assets.spapp.zabka.pl/remote-assets/assets/c1d5f9fcdfba632e8282ee087eea8535df814046dcdf9ae48c427a3a7c7607ee
endless_match	visa	audio	mud_entered.mp3	endless_match_mud_entered	b64695b7cb95ce185e2bdf502ff7d7a5078d0f772e3bfc3c7f96a65f9cc2fd74	26788	https://game-sdk-assets.spapp.zabka.pl/remote-assets/assets/b64695b7cb95ce185e2bdf502ff7d7a5078d0f772e3bfc3c7f96a65f9cc2fd74
endless_match	visa	vector	home_rounded.svg	endless_match_home_rounded	7530584d1c1d122abd118d7a1e0256c16a1215eae5559cddaa4844adb0109c34	999	https://game-sdk-assets.spapp.zabka.pl/remote-assets/assets/7530584d1c1d122abd118d7a1e0256c16a1215eae5559cddaa4844adb0109c34
endless_match	visa	video	onboarding.mp4	endless_match_onboarding	8b9d2c7e4baf3063102f0a593984712a07d4abead42bb342331cf3477d465e33	13096907	https://game-sdk-assets.spapp.zabka.pl/remote-assets/assets/8b9d2c7e4baf3063102f0a593984712a07d4abead42bb342331cf3477d465e33
endless_match	visa	font	LuckiestGuy-Regular.ttf	endless_match_luckiestguy_regular	fbe683091b0db0faa8f38e5227ad3bc17dc67f119f27ff10a63d72f5f9bb9da3	58324	https://game-sdk-assets.spapp.zabka.pl/remote-assets/assets/fbe683091b0db0faa8f38e5227ad3bc17dc67f119f27ff10a63d72f5f9bb9da3
endless_match	visa	font	PressStart2P-Regular.ttf	endless_match_pressstart2p_regular	8d0248e41694fdd875dbcde859ee1bae5982ecfdc6c7e5e451b48950d29ba95a	116008	https://game-sdk-assets.spapp.zabka.pl/remote-assets/assets/8d0248e41694fdd875dbcde859ee1bae5982ecfdc6c7e5e451b48950d29ba95a
endless_match	visa_powerup	image	aggressive_footballer_idle.png	endless_match_aggressive_footballer_idle	4dad18b0b628e709dd51160b1de3cff066816e1ac50bbfa84832e58976865019	24236	https://game-sdk-assets.spapp.zabka.pl/remote-assets/assets/4dad18b0b628e709dd51160b1de3cff066816e1ac50bbfa84832e58976865019
endless_match	visa_powerup	image	aggressive_footballer_slide_entry.png	endless_match_aggressive_footballer_slide_entry	cfbd015080c4e061969e3b3a39a6a2137b8d383f71a536b43eea70c9b2da59ae	41050	https://game-sdk-assets.spapp.zabka.pl/remote-assets/assets/cfbd015080c4e061969e3b3a39a6a2137b8d383f71a536b43eea70c9b2da59ae
endless_match	visa_powerup	image	aggressive_footballer_slide_loop.png	endless_match_aggressive_footballer_slide_loop	907e8615327a387e318bd64c7e674f6b65b13e89b2348f7326b2833883e94164	73593	https://game-sdk-assets.spapp.zabka.pl/remote-assets/assets/907e8615327a387e318bd64c7e674f6b65b13e89b2348f7326b2833883e94164
endless_match	visa_powerup	image	ball.png	endless_match_ball	4a49a756045cc2e4962f15b58d696833fc32a9facb53a25b3b3c9a82fa8dee73	3703	https://game-sdk-assets.spapp.zabka.pl/remote-assets/assets/4a49a756045cc2e4962f15b58d696833fc32a9facb53a25b3b3c9a82fa8dee73
endless_match	visa_powerup	image	ball_rotation.png	endless_match_ball_rotation	4db0075336548aa9146d64cbfb679d920d7b315f3fac5717968f602f6920018c	21355	https://game-sdk-assets.spapp.zabka.pl/remote-assets/assets/4db0075336548aa9146d64cbfb679d920d7b315f3fac5717968f602f6920018c
endless_match	visa_powerup	image	barrier_obstacle.png	endless_match_barrier_obstacle	e02f1efb13a2bdce6b8285174b0bf84b11a6971c1e3df6e6d60220e5953e1353	8036	https://game-sdk-assets.spapp.zabka.pl/remote-assets/assets/e02f1efb13a2bdce6b8285174b0bf84b11a6971c1e3df6e6d60220e5953e1353
endless_match	visa_powerup	image	bottom_hud_banner.png	endless_match_bottom_hud_banner	60339b336bddb6a16489f1951c694122e54963d4de334a447fe60ee8ac7261c6	5632	https://game-sdk-assets.spapp.zabka.pl/remote-assets/assets/60339b336bddb6a16489f1951c694122e54963d4de334a447fe60ee8ac7261c6
endless_match	visa_powerup	image	coin.png	endless_match_coin	19f5928517dbdc5b7b53a05107857afee69f50101570ff317f31dcf802a81062	1305	https://game-sdk-assets.spapp.zabka.pl/remote-assets/assets/19f5928517dbdc5b7b53a05107857afee69f50101570ff317f31dcf802a81062
endless_match	visa_powerup	image	collision_effect_with_ball.png	endless_match_collision_effect_with_ball	1dd70aad9be7d91b9302a34b89ea769a0a761531196c7bb5a0dd9c611341c1df	9568	https://game-sdk-assets.spapp.zabka.pl/remote-assets/assets/1dd70aad9be7d91b9302a34b89ea769a0a761531196c7bb5a0dd9c611341c1df
endless_match	visa_powerup	image	collision_effect_without_ball.png	endless_match_collision_effect_without_ball	b8f007d6fdccf816ab513889c8e40fca107dacefca9fe4af48855e77e2c541ef	9565	https://game-sdk-assets.spapp.zabka.pl/remote-assets/assets/b8f007d6fdccf816ab513889c8e40fca107dacefca9fe4af48855e77e2c541ef
endless_match	visa_powerup	image	defensive_footballer_idle.png	endless_match_defensive_footballer_idle	a44920b9b8b182dedd74c525aef79707d857a2e04453e05e8e8249d18aa3db8c	48571	https://game-sdk-assets.spapp.zabka.pl/remote-assets/assets/a44920b9b8b182dedd74c525aef79707d857a2e04453e05e8e8249d18aa3db8c
endless_match	visa_powerup	image	defensive_footballer_slide_entry.png	endless_match_defensive_footballer_slide_entry	9a59f9af44dfd9c68d4a18fb2b9a88dbc3ec1e362b696f7273bad6df7d7d8c69	40893	https://game-sdk-assets.spapp.zabka.pl/remote-assets/assets/9a59f9af44dfd9c68d4a18fb2b9a88dbc3ec1e362b696f7273bad6df7d7d8c69
endless_match	visa_powerup	image	defensive_footballer_slide_loop.png	endless_match_defensive_footballer_slide_loop	c309516bbd8def9ac54ada18c7e82aa14228bf894ace66a55323238b518096bc	79411	https://game-sdk-assets.spapp.zabka.pl/remote-assets/assets/c309516bbd8def9ac54ada18c7e82aa14228bf894ace66a55323238b518096bc
endless_match	visa_powerup	image	fail_effect.png	endless_match_fail_effect	b5ee26369457018939a43d825c9a6c305f70aa632ea7eb7ec0c253bfc0b67655	1964	https://game-sdk-assets.spapp.zabka.pl/remote-assets/assets/b5ee26369457018939a43d825c9a6c305f70aa632ea7eb7ec0c253bfc0b67655
endless_match	visa_powerup	image	gatekeeper_idle_v2.png	endless_match_gatekeeper_idle_v2	3489430093ba9ede3d2e740840f4152d00a1436accd448d1cd1a85ac1b4682e2	71377	https://game-sdk-assets.spapp.zabka.pl/remote-assets/assets/3489430093ba9ede3d2e740840f4152d00a1436accd448d1cd1a85ac1b4682e2
endless_match	visa_powerup	image	gatekeeper_with_ball_v2.png	endless_match_gatekeeper_with_ball_v2	919885f4f47e369ed37ed8c59588bb777f30d8ca085be52b089e75c8a86eb6c6	35614	https://game-sdk-assets.spapp.zabka.pl/remote-assets/assets/919885f4f47e369ed37ed8c59588bb777f30d8ca085be52b089e75c8a86eb6c6
endless_match	visa_powerup	image	goal.png	endless_match_goal	86ba590779f86aaeb72dcdc8ffc64a5559dd527635a73c513d6eaef79b0463e5	8010	https://game-sdk-assets.spapp.zabka.pl/remote-assets/assets/86ba590779f86aaeb72dcdc8ffc64a5559dd527635a73c513d6eaef79b0463e5
endless_match	visa_powerup	image	gool_effect.png	endless_match_gool_effect	485dae7dba401a3977d265d5aaf13cc00cb80275017dbe6b6fbd4b2a7a1206b9	1994	https://game-sdk-assets.spapp.zabka.pl/remote-assets/assets/485dae7dba401a3977d265d5aaf13cc00cb80275017dbe6b6fbd4b2a7a1206b9
endless_match	visa_powerup	image	grass_background.png	endless_match_grass_background	cf7518705247dba7dc67bf15171e03752531c5e2d32c6073fd116c02bdaaceba	55015	https://game-sdk-assets.spapp.zabka.pl/remote-assets/assets/cf7518705247dba7dc67bf15171e03752531c5e2d32c6073fd116c02bdaaceba
endless_match	visa_powerup	image	grass_logo_v2.png	endless_match_grass_logo_v2	2957b289a249d89baac257e8b738a280279d03e0853cf003a70efabad0dbf9a4	97	https://game-sdk-assets.spapp.zabka.pl/remote-assets/assets/2957b289a249d89baac257e8b738a280279d03e0853cf003a70efabad0dbf9a4
endless_match	visa_powerup	image	inner_shadow.png	endless_match_inner_shadow	2cafa1df3220be6d1b9a66283e01b95d55fd5d2a7dfb6048e8018eb18f7f21b0	22026	https://game-sdk-assets.spapp.zabka.pl/remote-assets/assets/2cafa1df3220be6d1b9a66283e01b95d55fd5d2a7dfb6048e8018eb18f7f21b0
endless_match	visa_powerup	image	kicked_ball_entry.png	endless_match_kicked_ball_entry	5d5581ee13ddc4c544546afa409ec1e967cfbb5e042a977a930456a1e25de395	3759	https://game-sdk-assets.spapp.zabka.pl/remote-assets/assets/5d5581ee13ddc4c544546afa409ec1e967cfbb5e042a977a930456a1e25de395
endless_match	visa_powerup	image	kicked_ball_flight.png	endless_match_kicked_ball_flight	121c8e3eab487cda8ea07e210f589ef1c687e38e4e0a738da7a9e1c3664c5386	7234	https://game-sdk-assets.spapp.zabka.pl/remote-assets/assets/121c8e3eab487cda8ea07e210f589ef1c687e38e4e0a738da7a9e1c3664c5386
endless_match	visa_powerup	image	lost_ball_effect.png	endless_match_lost_ball_effect	32cd8850ef6641868ce3b75bb999c3b5bffbb650fe82cc71ef08cd784a2a0ff5	12206	https://game-sdk-assets.spapp.zabka.pl/remote-assets/assets/32cd8850ef6641868ce3b75bb999c3b5bffbb650fe82cc71ef08cd784a2a0ff5
endless_match	visa_powerup	image	mud_active.png	endless_match_mud_active	89b191ba04f3365f42cfb6c4554140583138d4265bddde81ce1173bb0032d7fb	4661	https://game-sdk-assets.spapp.zabka.pl/remote-assets/assets/89b191ba04f3365f42cfb6c4554140583138d4265bddde81ce1173bb0032d7fb
endless_match	visa_powerup	image	mud_inactive.png	endless_match_mud_inactive	eaf4b375100d2540bf127688d8f65717d3e69f9a9a3b9efd1155cede2887666d	4722	https://game-sdk-assets.spapp.zabka.pl/remote-assets/assets/eaf4b375100d2540bf127688d8f65717d3e69f9a9a3b9efd1155cede2887666d
endless_match	visa_powerup	image	objective_indicator_ball_icon.png	endless_match_objective_indicator_ball_icon	4781b99cfa10f6547a4c37ce03eb04cc93fdbc369b7bbd2343288c0017b411db	565	https://game-sdk-assets.spapp.zabka.pl/remote-assets/assets/4781b99cfa10f6547a4c37ce03eb04cc93fdbc369b7bbd2343288c0017b411db
endless_match	visa_powerup	image	objective_indicator_bubble.png	endless_match_objective_indicator_bubble	4bb2b8e001ea3882e43ddb7e6537e5ae29587c78d97a878eb91ce6cdf81b0606	2922	https://game-sdk-assets.spapp.zabka.pl/remote-assets/assets/4bb2b8e001ea3882e43ddb7e6537e5ae29587c78d97a878eb91ce6cdf81b0606
endless_match	visa_powerup	image	objective_indicator_goal_icon.png	endless_match_objective_indicator_goal_icon	c7040e78afe65cd9cfeb12026f9dcbf1bd0bef22a2693ed723b70ed91a2b36a9	420	https://game-sdk-assets.spapp.zabka.pl/remote-assets/assets/c7040e78afe65cd9cfeb12026f9dcbf1bd0bef22a2693ed723b70ed91a2b36a9
endless_match	visa_powerup	image	player_run_side.png	endless_match_player_run_side	6290323fab560696a1da74b65500154e15ce152d06a6f946d4fe9a30d991f2c6	52037	https://game-sdk-assets.spapp.zabka.pl/remote-assets/assets/6290323fab560696a1da74b65500154e15ce152d06a6f946d4fe9a30d991f2c6
endless_match	visa_powerup	image	player_run_straight.png	endless_match_player_run_straight	eb0d9af0037efe9ca10a80f423dec0464cbf05c4c33f89e17be9ef01375a92de	43865	https://game-sdk-assets.spapp.zabka.pl/remote-assets/assets/eb0d9af0037efe9ca10a80f423dec0464cbf05c4c33f89e17be9ef01375a92de
endless_match	visa_powerup	image	player_slide_v2.png	endless_match_player_slide_v2	d472500259b4c1f8da8c75941c788bb78dc8a126817c4006edce15edc845e21f	77969	https://game-sdk-assets.spapp.zabka.pl/remote-assets/assets/d472500259b4c1f8da8c75941c788bb78dc8a126817c4006edce15edc845e21f
endless_match	visa_powerup	image	score_icon.png	endless_match_score_icon	9e8dd85f8ed3b361c1457b8525291f279c9cf95aa2a71da4ce362b105567fcf3	1307	https://game-sdk-assets.spapp.zabka.pl/remote-assets/assets/9e8dd85f8ed3b361c1457b8525291f279c9cf95aa2a71da4ce362b105567fcf3
endless_match	visa_powerup	image	shield_power_up.png	endless_match_shield_power_up	4f97171b47d4710efa82943ac362bcd3b73860b2c3876ca19c291dbbc3f4d983	47904	https://game-sdk-assets.spapp.zabka.pl/remote-assets/assets/4f97171b47d4710efa82943ac362bcd3b73860b2c3876ca19c291dbbc3f4d983
endless_match	visa_powerup	image	shield_power_up_animated_icon.png	endless_match_shield_power_up_animated_icon	ef45d382b2653227412f2c269ad127b0ff5a35df162e4ac658d55f3c6c4048ae	18730	https://game-sdk-assets.spapp.zabka.pl/remote-assets/assets/ef45d382b2653227412f2c269ad127b0ff5a35df162e4ac658d55f3c6c4048ae
endless_match	visa_powerup	audio	background_music.mp3	endless_match_background_music	5abd4b2a8ffe071658882a96a3fcfc5ee69297cc6bd23329c7ea1e4587f9cd4c	314379	https://game-sdk-assets.spapp.zabka.pl/remote-assets/assets/5abd4b2a8ffe071658882a96a3fcfc5ee69297cc6bd23329c7ea1e4587f9cd4c
endless_match	visa_powerup	audio	ball_collected.mp3	endless_match_ball_collected	90f7648d0d95b16a4ed2466d74f03fea57c50378c52b8cd636e237a6d655db73	34485	https://game-sdk-assets.spapp.zabka.pl/remote-assets/assets/90f7648d0d95b16a4ed2466d74f03fea57c50378c52b8cd636e237a6d655db73
endless_match	visa_powerup	audio	ball_kicked.mp3	endless_match_ball_kicked	ab1e70a2b2df8300e4bba63694c72bc6490407de16a9792d4d41af9cb03465ac	6141	https://game-sdk-assets.spapp.zabka.pl/remote-assets/assets/ab1e70a2b2df8300e4bba63694c72bc6490407de16a9792d4d41af9cb03465ac
endless_match	visa_powerup	audio	barrier_or_goal_hit.mp3	endless_match_barrier_or_goal_hit	665b2f592ce4cf67bd78fe7ae11d57285305a7a3f4a5795fe3165fd5927fc384	20877	https://game-sdk-assets.spapp.zabka.pl/remote-assets/assets/665b2f592ce4cf67bd78fe7ae11d57285305a7a3f4a5795fe3165fd5927fc384
endless_match	visa_powerup	audio	coin_collect.mp3	endless_match_coin_collect	daaf08dfb15644eba0ada8a694412bdd6843b11fc09ebe51af90bc58f0d66c2f	7277	https://game-sdk-assets.spapp.zabka.pl/remote-assets/assets/daaf08dfb15644eba0ada8a694412bdd6843b11fc09ebe51af90bc58f0d66c2f
endless_match	visa_powerup	audio	collect_shield.mp3	endless_match_collect_shield	bd3ebc057b6468aa0e29ef8da134988bb02149d23b87d7501ce6cb5b2e977931	21748	https://game-sdk-assets.spapp.zabka.pl/remote-assets/assets/bd3ebc057b6468aa0e29ef8da134988bb02149d23b87d7501ce6cb5b2e977931
endless_match	visa_powerup	audio	collision_shielded.mp3	endless_match_collision_shielded	15481afdb8cdb3faf60a77b0aa53ae80d2aac24efa2ea52f04840de7318d31ee	25540	https://game-sdk-assets.spapp.zabka.pl/remote-assets/assets/15481afdb8cdb3faf60a77b0aa53ae80d2aac24efa2ea52f04840de7318d31ee
endless_match	visa_powerup	audio	footballer_dash.mp3	endless_match_footballer_dash	94aa78d002c4153eafc7666c5df71ad13c7043ffc35783ef5d24bec9a7fa0994	46125	https://game-sdk-assets.spapp.zabka.pl/remote-assets/assets/94aa78d002c4153eafc7666c5df71ad13c7043ffc35783ef5d24bec9a7fa0994
endless_match	visa_powerup	audio	footballer_or_gatekeeper_hit.mp3	endless_match_footballer_or_gatekeeper_hit	ac29a7ccac96feca9a7c38a9340946ba72e21deebf6143df7b94af61aa4b0a6b	7437	https://game-sdk-assets.spapp.zabka.pl/remote-assets/assets/ac29a7ccac96feca9a7c38a9340946ba72e21deebf6143df7b94af61aa4b0a6b
endless_match	visa_powerup	audio	game_start.mp3	endless_match_game_start	72fb9dc4a023378ba922f4425da93dc71785192fe74fbf97aef857b476a45075	26013	https://game-sdk-assets.spapp.zabka.pl/remote-assets/assets/72fb9dc4a023378ba922f4425da93dc71785192fe74fbf97aef857b476a45075
endless_match	visa_powerup	audio	goal_failed.mp3	endless_match_goal_failed	6cb704b5380ea9481882e03bead901d50140a9d75c3c81d51554d5c84236fb43	17524	https://game-sdk-assets.spapp.zabka.pl/remote-assets/assets/6cb704b5380ea9481882e03bead901d50140a9d75c3c81d51554d5c84236fb43
endless_match	visa_powerup	audio	goal_scored.mp3	endless_match_goal_scored	c1d5f9fcdfba632e8282ee087eea8535df814046dcdf9ae48c427a3a7c7607ee	25300	https://game-sdk-assets.spapp.zabka.pl/remote-assets/assets/c1d5f9fcdfba632e8282ee087eea8535df814046dcdf9ae48c427a3a7c7607ee
endless_match	visa_powerup	audio	mud_entered.mp3	endless_match_mud_entered	b64695b7cb95ce185e2bdf502ff7d7a5078d0f772e3bfc3c7f96a65f9cc2fd74	26788	https://game-sdk-assets.spapp.zabka.pl/remote-assets/assets/b64695b7cb95ce185e2bdf502ff7d7a5078d0f772e3bfc3c7f96a65f9cc2fd74
endless_match	visa_powerup	vector	home_rounded.svg	endless_match_home_rounded	7530584d1c1d122abd118d7a1e0256c16a1215eae5559cddaa4844adb0109c34	999	https://game-sdk-assets.spapp.zabka.pl/remote-assets/assets/7530584d1c1d122abd118d7a1e0256c16a1215eae5559cddaa4844adb0109c34
endless_match	visa_powerup	video	onboarding.mp4	endless_match_onboarding	c6627340645cbed4a3bd88d11aee743572977bb6ec262f4b47404c09582281ea	15201691	https://game-sdk-assets.spapp.zabka.pl/remote-assets/assets/c6627340645cbed4a3bd88d11aee743572977bb6ec262f4b47404c09582281ea
endless_match	visa_powerup	font	LuckiestGuy-Regular.ttf	endless_match_luckiestguy_regular	fbe683091b0db0faa8f38e5227ad3bc17dc67f119f27ff10a63d72f5f9bb9da3	58324	https://game-sdk-assets.spapp.zabka.pl/remote-assets/assets/fbe683091b0db0faa8f38e5227ad3bc17dc67f119f27ff10a63d72f5f9bb9da3
endless_match	visa_powerup	font	PressStart2P-Regular.ttf	endless_match_pressstart2p_regular	8d0248e41694fdd875dbcde859ee1bae5982ecfdc6c7e5e451b48950d29ba95a	116008	https://game-sdk-assets.spapp.zabka.pl/remote-assets/assets/8d0248e41694fdd875dbcde859ee1bae5982ecfdc6c7e5e451b48950d29ba95a
shake	default	image	background_text.png	shake_background_text	ccda600e089adf6179b14d17915d41d3adf53069143a4096b1515ad80afad1a8	20584	https://game-sdk-assets.spapp.zabka.pl/remote-assets/assets/ccda600e089adf6179b14d17915d41d3adf53069143a4096b1515ad80afad1a8
shake	default	image	coin_bag.png	shake_coin_bag	62a2042a7eb158153425eb42ebb0853a539b92dfbe694c1e45b69cac275e0b25	1364	https://game-sdk-assets.spapp.zabka.pl/remote-assets/assets/62a2042a7eb158153425eb42ebb0853a539b92dfbe694c1e45b69cac275e0b25
shake	default	image	coin_green.png	shake_coin_green	d7326f495b44c039b24a42ad6ee32ced8b8309a73b19ae7c5ae931e059f47b84	655	https://game-sdk-assets.spapp.zabka.pl/remote-assets/assets/d7326f495b44c039b24a42ad6ee32ced8b8309a73b19ae7c5ae931e059f47b84
shake	default	image	coin_yellow.png	shake_coin_yellow	4892fad3fe62b56da40f3e3614495fe764c00138cde01a194ac4d7d1f11739d1	628	https://game-sdk-assets.spapp.zabka.pl/remote-assets/assets/4892fad3fe62b56da40f3e3614495fe764c00138cde01a194ac4d7d1f11739d1
shake	default	image	flag.png	shake_flag	8a66c77cbc8f0ca69d215c8be9820a11f9ec181bac945ecfc04d773ec4feeb37	881	https://game-sdk-assets.spapp.zabka.pl/remote-assets/assets/8a66c77cbc8f0ca69d215c8be9820a11f9ec181bac945ecfc04d773ec4feeb37
shake	default	image	force_ui.png	shake_force_ui	e7352670704fe6e1fde255fe5d00f9a1ca55679e211fd8b76f1cfce934df1cae	536	https://game-sdk-assets.spapp.zabka.pl/remote-assets/assets/e7352670704fe6e1fde255fe5d00f9a1ca55679e211fd8b76f1cfce934df1cae
shake	default	image	frog.png	shake_frog	b701ef78a5e308ec92a5f5e3e5833b6c7bff5d35b2a9ea4f8c4a6af69b8031ab	779	https://game-sdk-assets.spapp.zabka.pl/remote-assets/assets/b701ef78a5e308ec92a5f5e3e5833b6c7bff5d35b2a9ea4f8c4a6af69b8031ab
shake	default	image	fuel.png	shake_fuel	8615e4ff921b53d7e8ba35b490d17e6fcc5b332679e109b5ce63700ddc2b906e	597	https://game-sdk-assets.spapp.zabka.pl/remote-assets/assets/8615e4ff921b53d7e8ba35b490d17e6fcc5b332679e109b5ce63700ddc2b906e
shake	default	image	fuel_full.png	shake_fuel_full	9edaba07dd80864f12df89f9e740e07e43f21bcc6e64c410685fb738d9ddf324	463	https://game-sdk-assets.spapp.zabka.pl/remote-assets/assets/9edaba07dd80864f12df89f9e740e07e43f21bcc6e64c410685fb738d9ddf324
shake	default	image	fuel_ui.png	shake_fuel_ui	0d5334a50226085c1e22bd123334124184621e8034bc3f2fe53502d8baa7d6f1	396	https://game-sdk-assets.spapp.zabka.pl/remote-assets/assets/0d5334a50226085c1e22bd123334124184621e8034bc3f2fe53502d8baa7d6f1
shake	default	image	jetpack.png	shake_jetpack	b64e53b6f1822f5602e7a7632706bb8f26a74c9551794bbbcf302046a01ba9bc	839	https://game-sdk-assets.spapp.zabka.pl/remote-assets/assets/b64e53b6f1822f5602e7a7632706bb8f26a74c9551794bbbcf302046a01ba9bc
shake	default	image	layer_1.png	shake_layer_1	92ba4b2ccfeff31395efed5a0b46d6a3cda81f50c1567ef5afb5203ce6b6b814	2066	https://game-sdk-assets.spapp.zabka.pl/remote-assets/assets/92ba4b2ccfeff31395efed5a0b46d6a3cda81f50c1567ef5afb5203ce6b6b814
shake	default	image	layer_2.png	shake_layer_2	3265f20b4c36d41844ec3a075d7a8a42039afbd9dfcef4ec1da7114f04c67dbd	7877	https://game-sdk-assets.spapp.zabka.pl/remote-assets/assets/3265f20b4c36d41844ec3a075d7a8a42039afbd9dfcef4ec1da7114f04c67dbd
shake	default	image	layer_3.png	shake_layer_3	8110b5fb39032b2a499ad6d0b824d21a8584fb967e1d07f0af36f11a38b5d1a7	5863	https://game-sdk-assets.spapp.zabka.pl/remote-assets/assets/8110b5fb39032b2a499ad6d0b824d21a8584fb967e1d07f0af36f11a38b5d1a7
shake	default	image	layer_4.png	shake_layer_4	ec7a51d16d276197d6c6bab9bde5cc156fb4f1c009f9678ac56f1ec44044084b	7326	https://game-sdk-assets.spapp.zabka.pl/remote-assets/assets/ec7a51d16d276197d6c6bab9bde5cc156fb4f1c009f9678ac56f1ec44044084b
shake	default	image	layer_5.png	shake_layer_5	956ea284236473087105d72fd8f340ba708ffb490e6c91294fe8e1d511853c14	7359	https://game-sdk-assets.spapp.zabka.pl/remote-assets/assets/956ea284236473087105d72fd8f340ba708ffb490e6c91294fe8e1d511853c14
shake	default	image	layer_6.png	shake_layer_6	e241590f094cde3cbfd441dd9dc8a74922c974f51f84fa44777c8ae7263e0146	6210	https://game-sdk-assets.spapp.zabka.pl/remote-assets/assets/e241590f094cde3cbfd441dd9dc8a74922c974f51f84fa44777c8ae7263e0146
shake	default	image	mountain_1.png	shake_mountain_1	dabc04925a384d62e178e0413b7a29f0f2ed52c97cb82d26890519efec377919	5014	https://game-sdk-assets.spapp.zabka.pl/remote-assets/assets/dabc04925a384d62e178e0413b7a29f0f2ed52c97cb82d26890519efec377919
shake	default	image	mountain_1_mask.png	shake_mountain_1_mask	71e93326633cc38ddf96fdb31e592e2d2dc04bb6a28c4c0e8c9e295a9edc47ae	4491	https://game-sdk-assets.spapp.zabka.pl/remote-assets/assets/71e93326633cc38ddf96fdb31e592e2d2dc04bb6a28c4c0e8c9e295a9edc47ae
shake	default	image	mountain_2.png	shake_mountain_2	fe0d1fc53ffb6b2405bee82836244f1d018733c0754c94b80af32fd5e69467f3	15708	https://game-sdk-assets.spapp.zabka.pl/remote-assets/assets/fe0d1fc53ffb6b2405bee82836244f1d018733c0754c94b80af32fd5e69467f3
shake	default	image	mountain_2_mask.png	shake_mountain_2_mask	1a63f70cf19ba1957803601540dc0058f70e2a7c18344f69b61d6016ce561c63	12713	https://game-sdk-assets.spapp.zabka.pl/remote-assets/assets/1a63f70cf19ba1957803601540dc0058f70e2a7c18344f69b61d6016ce561c63
shake	default	image	mountain_3.png	shake_mountain_3	25b9a44ea2646a36ac8a0d559e63e5c2579df7bda32632f70a8e4746e11f5396	21047	https://game-sdk-assets.spapp.zabka.pl/remote-assets/assets/25b9a44ea2646a36ac8a0d559e63e5c2579df7bda32632f70a8e4746e11f5396
shake	default	image	mountain_3_mask.png	shake_mountain_3_mask	d3f24f17323bb930ea47bd136f0a3c92ae12aceabaafbdc093ddd0b6631ba505	18116	https://game-sdk-assets.spapp.zabka.pl/remote-assets/assets/d3f24f17323bb930ea47bd136f0a3c92ae12aceabaafbdc093ddd0b6631ba505
shake	default	image	mountain_4.png	shake_mountain_4	d771b17268f01a18f68107406b09a0075f9d4aa53ab575fc548453cd03abd5c3	14098	https://game-sdk-assets.spapp.zabka.pl/remote-assets/assets/d771b17268f01a18f68107406b09a0075f9d4aa53ab575fc548453cd03abd5c3
shake	default	image	mountain_4_mask.png	shake_mountain_4_mask	768d3349e459cca70a5cb75017ba6896dfecb9dbed3dc575ca9612fd8d91791c	10737	https://game-sdk-assets.spapp.zabka.pl/remote-assets/assets/768d3349e459cca70a5cb75017ba6896dfecb9dbed3dc575ca9612fd8d91791c
shake	default	image	mountain_5.png	shake_mountain_5	d3a9b783ebe5f2a67d67500f4f2cc4ecf9cf26ad84b076ba5801dfb76e64c151	11284	https://game-sdk-assets.spapp.zabka.pl/remote-assets/assets/d3a9b783ebe5f2a67d67500f4f2cc4ecf9cf26ad84b076ba5801dfb76e64c151
shake	default	image	mountain_5_mask.png	shake_mountain_5_mask	59cccde1745453a5323d723a44e5010163a534c1d7a08e4548af10c7fa891499	9964	https://game-sdk-assets.spapp.zabka.pl/remote-assets/assets/59cccde1745453a5323d723a44e5010163a534c1d7a08e4548af10c7fa891499
shake	default	image	rocket.png	shake_rocket	b796ebb0a70074b52d698bf48c3f1833a84b97001d3b666cd8bc36cd8b0cf9c6	1950	https://game-sdk-assets.spapp.zabka.pl/remote-assets/assets/b796ebb0a70074b52d698bf48c3f1833a84b97001d3b666cd8bc36cd8b0cf9c6
shake	default	audio	coin_bag_collect.mp3	shake_coin_bag_collect	ef2f95afd266f3f28d6d3a5f332fe0c319968c3e491c6fa53f2c9fcacf2e5d6f	41613	https://game-sdk-assets.spapp.zabka.pl/remote-assets/assets/ef2f95afd266f3f28d6d3a5f332fe0c319968c3e491c6fa53f2c9fcacf2e5d6f
shake	default	audio	coin_collect.mp3	shake_coin_collect	daaf08dfb15644eba0ada8a694412bdd6843b11fc09ebe51af90bc58f0d66c2f	7277	https://game-sdk-assets.spapp.zabka.pl/remote-assets/assets/daaf08dfb15644eba0ada8a694412bdd6843b11fc09ebe51af90bc58f0d66c2f
shake	default	audio	collision_hit.mp3	shake_collision_hit	a015473187965786fa7574804dd9743b8fddbce5f7f0a8e2110fddf3cdb314b5	9789	https://game-sdk-assets.spapp.zabka.pl/remote-assets/assets/a015473187965786fa7574804dd9743b8fddbce5f7f0a8e2110fddf3cdb314b5
shake	default	audio	fuel_collect.mp3	shake_fuel_collect	3f8c3a03045cbf4edc3e2a76c6171df8e484d89a07ece6b745996ec8d77e224a	22756	https://game-sdk-assets.spapp.zabka.pl/remote-assets/assets/3f8c3a03045cbf4edc3e2a76c6171df8e484d89a07ece6b745996ec8d77e224a
shake	default	audio	game_over.mp3	shake_game_over	46f69558705b655d90d98f0db74a03f2990d02f4f09aaf907ad96d30f5f99dac	84916	https://game-sdk-assets.spapp.zabka.pl/remote-assets/assets/46f69558705b655d90d98f0db74a03f2990d02f4f09aaf907ad96d30f5f99dac
shake	default	audio	low_fuel.mp3	shake_low_fuel	0567858fdef683e2c5caaeccd5d6cdadc757b2beaa01cc22199881b56e910973	239853	https://game-sdk-assets.spapp.zabka.pl/remote-assets/assets/0567858fdef683e2c5caaeccd5d6cdadc757b2beaa01cc22199881b56e910973
shake	default	audio	rain.mp3	shake_rain	056f93fc924c7e42ff1d5f1d5e9a4e78155f8a20b94ba737f3374d2686ee6cf1	116781	https://game-sdk-assets.spapp.zabka.pl/remote-assets/assets/056f93fc924c7e42ff1d5f1d5e9a4e78155f8a20b94ba737f3374d2686ee6cf1
shake	default	audio	rocket_collision.mp3	shake_rocket_collision	8dbaef9c01a889a180a73d5ac2a8e8119802bfeedb619213ef040ba69b76e589	16749	https://game-sdk-assets.spapp.zabka.pl/remote-assets/assets/8dbaef9c01a889a180a73d5ac2a8e8119802bfeedb619213ef040ba69b76e589
shake	default	audio	spray.mp3	shake_spray	63af70fa73510408c87ab12e5c2fd66deec3fe0268671af7fe12e52db7fb32c6	17731	https://game-sdk-assets.spapp.zabka.pl/remote-assets/assets/63af70fa73510408c87ab12e5c2fd66deec3fe0268671af7fe12e52db7fb32c6
shake	default	vector	home_rounded.svg	shake_home_rounded	7530584d1c1d122abd118d7a1e0256c16a1215eae5559cddaa4844adb0109c34	999	https://game-sdk-assets.spapp.zabka.pl/remote-assets/assets/7530584d1c1d122abd118d7a1e0256c16a1215eae5559cddaa4844adb0109c34
shake	default	video	onboarding.mp4	shake_onboarding	6565f860e375eeae11cee44487d787c3ac54f39256e1978191f404a10b251d6f	8375462	https://game-sdk-assets.spapp.zabka.pl/remote-assets/assets/6565f860e375eeae11cee44487d787c3ac54f39256e1978191f404a10b251d6f
shake	default	font	LuckiestGuy-Regular.ttf	shake_luckiestguy_regular	fbe683091b0db0faa8f38e5227ad3bc17dc67f119f27ff10a63d72f5f9bb9da3	58324	https://game-sdk-assets.spapp.zabka.pl/remote-assets/assets/fbe683091b0db0faa8f38e5227ad3bc17dc67f119f27ff10a63d72f5f9bb9da3
shake	chupa_chups	image	background_text.png	shake_background_text	ccda600e089adf6179b14d17915d41d3adf53069143a4096b1515ad80afad1a8	20584	https://game-sdk-assets.spapp.zabka.pl/remote-assets/assets/ccda600e089adf6179b14d17915d41d3adf53069143a4096b1515ad80afad1a8
shake	chupa_chups	image	coin_bag.png	shake_coin_bag	f389811df05480ce78f698361d13ded10b4e1f6cc81d36a42f7d034a99d0757d	1465	https://game-sdk-assets.spapp.zabka.pl/remote-assets/assets/f389811df05480ce78f698361d13ded10b4e1f6cc81d36a42f7d034a99d0757d
shake	chupa_chups	image	coin_green.png	shake_coin_green	89c5c5cc32d4568d20162a16be5ab93cad001e2778c093b16b1b2345a8a1f428	1547	https://game-sdk-assets.spapp.zabka.pl/remote-assets/assets/89c5c5cc32d4568d20162a16be5ab93cad001e2778c093b16b1b2345a8a1f428
shake	chupa_chups	image	coin_yellow.png	shake_coin_yellow	4892fad3fe62b56da40f3e3614495fe764c00138cde01a194ac4d7d1f11739d1	628	https://game-sdk-assets.spapp.zabka.pl/remote-assets/assets/4892fad3fe62b56da40f3e3614495fe764c00138cde01a194ac4d7d1f11739d1
shake	chupa_chups	image	flag.png	shake_flag	8a66c77cbc8f0ca69d215c8be9820a11f9ec181bac945ecfc04d773ec4feeb37	881	https://game-sdk-assets.spapp.zabka.pl/remote-assets/assets/8a66c77cbc8f0ca69d215c8be9820a11f9ec181bac945ecfc04d773ec4feeb37
shake	chupa_chups	image	force_ui.png	shake_force_ui	e7352670704fe6e1fde255fe5d00f9a1ca55679e211fd8b76f1cfce934df1cae	536	https://game-sdk-assets.spapp.zabka.pl/remote-assets/assets/e7352670704fe6e1fde255fe5d00f9a1ca55679e211fd8b76f1cfce934df1cae
shake	chupa_chups	image	frog.png	shake_frog	eeb62e31c511c34fbc4880ce2b90e2bdd4f7288408868cc7b02e4a17ea154cf1	672	https://game-sdk-assets.spapp.zabka.pl/remote-assets/assets/eeb62e31c511c34fbc4880ce2b90e2bdd4f7288408868cc7b02e4a17ea154cf1
shake	chupa_chups	image	fuel.png	shake_fuel	8615e4ff921b53d7e8ba35b490d17e6fcc5b332679e109b5ce63700ddc2b906e	597	https://game-sdk-assets.spapp.zabka.pl/remote-assets/assets/8615e4ff921b53d7e8ba35b490d17e6fcc5b332679e109b5ce63700ddc2b906e
shake	chupa_chups	image	fuel_full.png	shake_fuel_full	9edaba07dd80864f12df89f9e740e07e43f21bcc6e64c410685fb738d9ddf324	463	https://game-sdk-assets.spapp.zabka.pl/remote-assets/assets/9edaba07dd80864f12df89f9e740e07e43f21bcc6e64c410685fb738d9ddf324
shake	chupa_chups	image	fuel_ui.png	shake_fuel_ui	0d5334a50226085c1e22bd123334124184621e8034bc3f2fe53502d8baa7d6f1	396	https://game-sdk-assets.spapp.zabka.pl/remote-assets/assets/0d5334a50226085c1e22bd123334124184621e8034bc3f2fe53502d8baa7d6f1
shake	chupa_chups	image	jetpack.png	shake_jetpack	b64e53b6f1822f5602e7a7632706bb8f26a74c9551794bbbcf302046a01ba9bc	839	https://game-sdk-assets.spapp.zabka.pl/remote-assets/assets/b64e53b6f1822f5602e7a7632706bb8f26a74c9551794bbbcf302046a01ba9bc
shake	chupa_chups	image	layer_1.png	shake_layer_1	0830b42d0ef1cb3e2d9d9c455f167aa396a471c371b1b1f05e6ea41da00c5bdf	20896	https://game-sdk-assets.spapp.zabka.pl/remote-assets/assets/0830b42d0ef1cb3e2d9d9c455f167aa396a471c371b1b1f05e6ea41da00c5bdf
shake	chupa_chups	image	layer_2.png	shake_layer_2	ebfa204360a604b4c582b7b48602486cc659ff3327f447d5174fcdb87b2542d8	5948	https://game-sdk-assets.spapp.zabka.pl/remote-assets/assets/ebfa204360a604b4c582b7b48602486cc659ff3327f447d5174fcdb87b2542d8
shake	chupa_chups	image	layer_3.png	shake_layer_3	d42a79912ae59b1e00148f741f0ff172cb95cbe2ce5ef18d4d14b5e9342e30aa	3937	https://game-sdk-assets.spapp.zabka.pl/remote-assets/assets/d42a79912ae59b1e00148f741f0ff172cb95cbe2ce5ef18d4d14b5e9342e30aa
shake	chupa_chups	image	layer_4.png	shake_layer_4	00e691964c2637a0b8685b5c5a4edf23377cf28807a2afab14332696bfdb8e9d	21029	https://game-sdk-assets.spapp.zabka.pl/remote-assets/assets/00e691964c2637a0b8685b5c5a4edf23377cf28807a2afab14332696bfdb8e9d
shake	chupa_chups	image	layer_5.png	shake_layer_5	f60bba23a2019fb7b183266ace0c086a7386d57187ed8903c9859e87b9818561	15284	https://game-sdk-assets.spapp.zabka.pl/remote-assets/assets/f60bba23a2019fb7b183266ace0c086a7386d57187ed8903c9859e87b9818561
shake	chupa_chups	image	layer_6.png	shake_layer_6	38e66d6556269576a3b5b74dfb65f8c0b80e7c3e384684a425a4d64b36bb72f9	27015	https://game-sdk-assets.spapp.zabka.pl/remote-assets/assets/38e66d6556269576a3b5b74dfb65f8c0b80e7c3e384684a425a4d64b36bb72f9
shake	chupa_chups	image	mountain_1.png	shake_mountain_1	79815c5ebfe8973e468743cdb640afcf84ec6750448163c608680cc76be266da	5608	https://game-sdk-assets.spapp.zabka.pl/remote-assets/assets/79815c5ebfe8973e468743cdb640afcf84ec6750448163c608680cc76be266da
shake	chupa_chups	image	mountain_1_mask.png	shake_mountain_1_mask	71e93326633cc38ddf96fdb31e592e2d2dc04bb6a28c4c0e8c9e295a9edc47ae	4491	https://game-sdk-assets.spapp.zabka.pl/remote-assets/assets/71e93326633cc38ddf96fdb31e592e2d2dc04bb6a28c4c0e8c9e295a9edc47ae
shake	chupa_chups	image	mountain_2.png	shake_mountain_2	915a284cf9092314fe770e3217ecd6607c49980415ac5dbc4ad39d74a8484c59	17803	https://game-sdk-assets.spapp.zabka.pl/remote-assets/assets/915a284cf9092314fe770e3217ecd6607c49980415ac5dbc4ad39d74a8484c59
shake	chupa_chups	image	mountain_2_mask.png	shake_mountain_2_mask	1a63f70cf19ba1957803601540dc0058f70e2a7c18344f69b61d6016ce561c63	12713	https://game-sdk-assets.spapp.zabka.pl/remote-assets/assets/1a63f70cf19ba1957803601540dc0058f70e2a7c18344f69b61d6016ce561c63
shake	chupa_chups	image	mountain_3.png	shake_mountain_3	29f29beeca09178bdbb831ff2e13583486cbd34193a0b43531e1410b690dd3aa	22215	https://game-sdk-assets.spapp.zabka.pl/remote-assets/assets/29f29beeca09178bdbb831ff2e13583486cbd34193a0b43531e1410b690dd3aa
shake	chupa_chups	image	mountain_3_mask.png	shake_mountain_3_mask	d3f24f17323bb930ea47bd136f0a3c92ae12aceabaafbdc093ddd0b6631ba505	18116	https://game-sdk-assets.spapp.zabka.pl/remote-assets/assets/d3f24f17323bb930ea47bd136f0a3c92ae12aceabaafbdc093ddd0b6631ba505
shake	chupa_chups	image	mountain_4.png	shake_mountain_4	b2bd83947f674f8a8c3b43856f38a3d99bd158bb820149ae05decbe8faf5ae73	12497	https://game-sdk-assets.spapp.zabka.pl/remote-assets/assets/b2bd83947f674f8a8c3b43856f38a3d99bd158bb820149ae05decbe8faf5ae73
shake	chupa_chups	image	mountain_4_mask.png	shake_mountain_4_mask	768d3349e459cca70a5cb75017ba6896dfecb9dbed3dc575ca9612fd8d91791c	10737	https://game-sdk-assets.spapp.zabka.pl/remote-assets/assets/768d3349e459cca70a5cb75017ba6896dfecb9dbed3dc575ca9612fd8d91791c
shake	chupa_chups	image	mountain_5.png	shake_mountain_5	2d6c2067a17b36110449b4bb00a5f23a29ff6bbb2ff596dca48d935583819a92	6632	https://game-sdk-assets.spapp.zabka.pl/remote-assets/assets/2d6c2067a17b36110449b4bb00a5f23a29ff6bbb2ff596dca48d935583819a92
shake	chupa_chups	image	mountain_5_mask.png	shake_mountain_5_mask	59cccde1745453a5323d723a44e5010163a534c1d7a08e4548af10c7fa891499	9964	https://game-sdk-assets.spapp.zabka.pl/remote-assets/assets/59cccde1745453a5323d723a44e5010163a534c1d7a08e4548af10c7fa891499
shake	chupa_chups	image	rocket.png	shake_rocket	b796ebb0a70074b52d698bf48c3f1833a84b97001d3b666cd8bc36cd8b0cf9c6	1950	https://game-sdk-assets.spapp.zabka.pl/remote-assets/assets/b796ebb0a70074b52d698bf48c3f1833a84b97001d3b666cd8bc36cd8b0cf9c6
shake	chupa_chups	audio	coin_bag_collect.mp3	shake_coin_bag_collect	ef2f95afd266f3f28d6d3a5f332fe0c319968c3e491c6fa53f2c9fcacf2e5d6f	41613	https://game-sdk-assets.spapp.zabka.pl/remote-assets/assets/ef2f95afd266f3f28d6d3a5f332fe0c319968c3e491c6fa53f2c9fcacf2e5d6f
shake	chupa_chups	audio	coin_collect.mp3	shake_coin_collect	daaf08dfb15644eba0ada8a694412bdd6843b11fc09ebe51af90bc58f0d66c2f	7277	https://game-sdk-assets.spapp.zabka.pl/remote-assets/assets/daaf08dfb15644eba0ada8a694412bdd6843b11fc09ebe51af90bc58f0d66c2f
shake	chupa_chups	audio	collision_hit.mp3	shake_collision_hit	a015473187965786fa7574804dd9743b8fddbce5f7f0a8e2110fddf3cdb314b5	9789	https://game-sdk-assets.spapp.zabka.pl/remote-assets/assets/a015473187965786fa7574804dd9743b8fddbce5f7f0a8e2110fddf3cdb314b5
shake	chupa_chups	audio	fuel_collect.mp3	shake_fuel_collect	3f8c3a03045cbf4edc3e2a76c6171df8e484d89a07ece6b745996ec8d77e224a	22756	https://game-sdk-assets.spapp.zabka.pl/remote-assets/assets/3f8c3a03045cbf4edc3e2a76c6171df8e484d89a07ece6b745996ec8d77e224a
shake	chupa_chups	audio	game_over.mp3	shake_game_over	46f69558705b655d90d98f0db74a03f2990d02f4f09aaf907ad96d30f5f99dac	84916	https://game-sdk-assets.spapp.zabka.pl/remote-assets/assets/46f69558705b655d90d98f0db74a03f2990d02f4f09aaf907ad96d30f5f99dac
shake	chupa_chups	audio	low_fuel.mp3	shake_low_fuel	0567858fdef683e2c5caaeccd5d6cdadc757b2beaa01cc22199881b56e910973	239853	https://game-sdk-assets.spapp.zabka.pl/remote-assets/assets/0567858fdef683e2c5caaeccd5d6cdadc757b2beaa01cc22199881b56e910973
shake	chupa_chups	audio	rain.mp3	shake_rain	056f93fc924c7e42ff1d5f1d5e9a4e78155f8a20b94ba737f3374d2686ee6cf1	116781	https://game-sdk-assets.spapp.zabka.pl/remote-assets/assets/056f93fc924c7e42ff1d5f1d5e9a4e78155f8a20b94ba737f3374d2686ee6cf1
shake	chupa_chups	audio	rocket_collision.mp3	shake_rocket_collision	8dbaef9c01a889a180a73d5ac2a8e8119802bfeedb619213ef040ba69b76e589	16749	https://game-sdk-assets.spapp.zabka.pl/remote-assets/assets/8dbaef9c01a889a180a73d5ac2a8e8119802bfeedb619213ef040ba69b76e589
shake	chupa_chups	audio	spray.mp3	shake_spray	63af70fa73510408c87ab12e5c2fd66deec3fe0268671af7fe12e52db7fb32c6	17731	https://game-sdk-assets.spapp.zabka.pl/remote-assets/assets/63af70fa73510408c87ab12e5c2fd66deec3fe0268671af7fe12e52db7fb32c6
shake	chupa_chups	vector	home_rounded.svg	shake_home_rounded	7530584d1c1d122abd118d7a1e0256c16a1215eae5559cddaa4844adb0109c34	999	https://game-sdk-assets.spapp.zabka.pl/remote-assets/assets/7530584d1c1d122abd118d7a1e0256c16a1215eae5559cddaa4844adb0109c34
shake	chupa_chups	video	onboarding.mp4	shake_onboarding	bc95bf40abdcd879bd2a65584125cf9ea59add5666ba186964b0fe7c0b1abab2	4734250	https://game-sdk-assets.spapp.zabka.pl/remote-assets/assets/bc95bf40abdcd879bd2a65584125cf9ea59add5666ba186964b0fe7c0b1abab2
shake	chupa_chups	font	LuckiestGuy-Regular.ttf	shake_luckiestguy_regular	fbe683091b0db0faa8f38e5227ad3bc17dc67f119f27ff10a63d72f5f9bb9da3	58324	https://game-sdk-assets.spapp.zabka.pl/remote-assets/assets/fbe683091b0db0faa8f38e5227ad3bc17dc67f119f27ff10a63d72f5f9bb9da3
shake	good_mood	image	background_text.png	shake_background_text	ccda600e089adf6179b14d17915d41d3adf53069143a4096b1515ad80afad1a8	20584	https://game-sdk-assets.spapp.zabka.pl/remote-assets/assets/ccda600e089adf6179b14d17915d41d3adf53069143a4096b1515ad80afad1a8
shake	good_mood	image	coin_bag.png	shake_coin_bag	d8a60896c1ac5e803020bdc564d194e4cdb15c03ebc67ed329ffefd9b8ffe3f4	1605	https://game-sdk-assets.spapp.zabka.pl/remote-assets/assets/d8a60896c1ac5e803020bdc564d194e4cdb15c03ebc67ed329ffefd9b8ffe3f4
shake	good_mood	image	coin_green.png	shake_coin_green	018bcd3e21352890f065e78742c57f946863baacdc7e2ade0807577420a1b600	1645	https://game-sdk-assets.spapp.zabka.pl/remote-assets/assets/018bcd3e21352890f065e78742c57f946863baacdc7e2ade0807577420a1b600
shake	good_mood	image	coin_yellow.png	shake_coin_yellow	4892fad3fe62b56da40f3e3614495fe764c00138cde01a194ac4d7d1f11739d1	628	https://game-sdk-assets.spapp.zabka.pl/remote-assets/assets/4892fad3fe62b56da40f3e3614495fe764c00138cde01a194ac4d7d1f11739d1
shake	good_mood	image	flag.png	shake_flag	f942b5797a77425c634aca4ae7416a34d2b1f006e463ac7a8dcf26c5fa26c8df	1842	https://game-sdk-assets.spapp.zabka.pl/remote-assets/assets/f942b5797a77425c634aca4ae7416a34d2b1f006e463ac7a8dcf26c5fa26c8df
shake	good_mood	image	force_ui.png	shake_force_ui	a2d5a6b3b1d93b1f0cfb3743a22417916e390e324c1b9851cbee7e33e29478f5	707	https://game-sdk-assets.spapp.zabka.pl/remote-assets/assets/a2d5a6b3b1d93b1f0cfb3743a22417916e390e324c1b9851cbee7e33e29478f5
shake	good_mood	image	frog.png	shake_frog	c4f3b17a8950b6a2e9ad4aea919cb290c0051a3bcffa800499c0e586edde8e9e	1508	https://game-sdk-assets.spapp.zabka.pl/remote-assets/assets/c4f3b17a8950b6a2e9ad4aea919cb290c0051a3bcffa800499c0e586edde8e9e
shake	good_mood	image	fuel.png	shake_fuel	9a8be8d9e5e5fe0bf127636037e263d6f789cd50db39a75be5f03b61c0d9a787	933	https://game-sdk-assets.spapp.zabka.pl/remote-assets/assets/9a8be8d9e5e5fe0bf127636037e263d6f789cd50db39a75be5f03b61c0d9a787
shake	good_mood	image	fuel_full.png	shake_fuel_full	adcc0b1b2f9f8f1d1aa603c7cbbcd38ad4c09ce9323decf2a8085296025007e3	804	https://game-sdk-assets.spapp.zabka.pl/remote-assets/assets/adcc0b1b2f9f8f1d1aa603c7cbbcd38ad4c09ce9323decf2a8085296025007e3
shake	good_mood	image	fuel_ui.png	shake_fuel_ui	3de8eb65befcf89c153e81e4ed31d0c9977770addefed3fe8c409de8dd540e2a	736	https://game-sdk-assets.spapp.zabka.pl/remote-assets/assets/3de8eb65befcf89c153e81e4ed31d0c9977770addefed3fe8c409de8dd540e2a
shake	good_mood	image	jetpack.png	shake_jetpack	82b74d69d13bee091c1e307b1e333711953fe3a3e28e974c225a14f48b8db3c5	172	https://game-sdk-assets.spapp.zabka.pl/remote-assets/assets/82b74d69d13bee091c1e307b1e333711953fe3a3e28e974c225a14f48b8db3c5
shake	good_mood	image	layer_1.png	shake_layer_1	41b97889d64dcb049317b09d4d2f241551f4cde6f54334a582aa267ad229bb6e	13157	https://game-sdk-assets.spapp.zabka.pl/remote-assets/assets/41b97889d64dcb049317b09d4d2f241551f4cde6f54334a582aa267ad229bb6e
shake	good_mood	image	layer_2.png	shake_layer_2	c4e1dd2aa4c7412bd5e78275b3c70acde985a94819ca3c50d6a25f9fa5ec9a57	4424	https://game-sdk-assets.spapp.zabka.pl/remote-assets/assets/c4e1dd2aa4c7412bd5e78275b3c70acde985a94819ca3c50d6a25f9fa5ec9a57
shake	good_mood	image	layer_3.png	shake_layer_3	95ee5eba5bc49881272c353111a82cfce7d4d0fc9946c819e3ae2ed2f0dd51cf	6499	https://game-sdk-assets.spapp.zabka.pl/remote-assets/assets/95ee5eba5bc49881272c353111a82cfce7d4d0fc9946c819e3ae2ed2f0dd51cf
shake	good_mood	image	layer_4.png	shake_layer_4	8c72694188c9444e10a52de0c272d62634c95d8571a20ced3d88145ac6ca25ca	6188	https://game-sdk-assets.spapp.zabka.pl/remote-assets/assets/8c72694188c9444e10a52de0c272d62634c95d8571a20ced3d88145ac6ca25ca
shake	good_mood	image	layer_5.png	shake_layer_5	3811282be98c82da0f514b1d7f8d2dcd405bc68483ea83fd2da0bb3133aa9aea	7545	https://game-sdk-assets.spapp.zabka.pl/remote-assets/assets/3811282be98c82da0f514b1d7f8d2dcd405bc68483ea83fd2da0bb3133aa9aea
shake	good_mood	image	layer_6.png	shake_layer_6	7b88be26511ffca675aeac39135e49dacb9c2df833899b1b79b3a6c705904fc8	7125	https://game-sdk-assets.spapp.zabka.pl/remote-assets/assets/7b88be26511ffca675aeac39135e49dacb9c2df833899b1b79b3a6c705904fc8
shake	good_mood	image	mountain_1.png	shake_mountain_1	dabc04925a384d62e178e0413b7a29f0f2ed52c97cb82d26890519efec377919	5014	https://game-sdk-assets.spapp.zabka.pl/remote-assets/assets/dabc04925a384d62e178e0413b7a29f0f2ed52c97cb82d26890519efec377919
shake	good_mood	image	mountain_1_mask.png	shake_mountain_1_mask	71e93326633cc38ddf96fdb31e592e2d2dc04bb6a28c4c0e8c9e295a9edc47ae	4491	https://game-sdk-assets.spapp.zabka.pl/remote-assets/assets/71e93326633cc38ddf96fdb31e592e2d2dc04bb6a28c4c0e8c9e295a9edc47ae
shake	good_mood	image	mountain_2.png	shake_mountain_2	fe0d1fc53ffb6b2405bee82836244f1d018733c0754c94b80af32fd5e69467f3	15708	https://game-sdk-assets.spapp.zabka.pl/remote-assets/assets/fe0d1fc53ffb6b2405bee82836244f1d018733c0754c94b80af32fd5e69467f3
shake	good_mood	image	mountain_2_mask.png	shake_mountain_2_mask	1a63f70cf19ba1957803601540dc0058f70e2a7c18344f69b61d6016ce561c63	12713	https://game-sdk-assets.spapp.zabka.pl/remote-assets/assets/1a63f70cf19ba1957803601540dc0058f70e2a7c18344f69b61d6016ce561c63
shake	good_mood	image	mountain_3.png	shake_mountain_3	25b9a44ea2646a36ac8a0d559e63e5c2579df7bda32632f70a8e4746e11f5396	21047	https://game-sdk-assets.spapp.zabka.pl/remote-assets/assets/25b9a44ea2646a36ac8a0d559e63e5c2579df7bda32632f70a8e4746e11f5396
shake	good_mood	image	mountain_3_mask.png	shake_mountain_3_mask	d3f24f17323bb930ea47bd136f0a3c92ae12aceabaafbdc093ddd0b6631ba505	18116	https://game-sdk-assets.spapp.zabka.pl/remote-assets/assets/d3f24f17323bb930ea47bd136f0a3c92ae12aceabaafbdc093ddd0b6631ba505
shake	good_mood	image	mountain_4.png	shake_mountain_4	d771b17268f01a18f68107406b09a0075f9d4aa53ab575fc548453cd03abd5c3	14098	https://game-sdk-assets.spapp.zabka.pl/remote-assets/assets/d771b17268f01a18f68107406b09a0075f9d4aa53ab575fc548453cd03abd5c3
shake	good_mood	image	mountain_4_mask.png	shake_mountain_4_mask	768d3349e459cca70a5cb75017ba6896dfecb9dbed3dc575ca9612fd8d91791c	10737	https://game-sdk-assets.spapp.zabka.pl/remote-assets/assets/768d3349e459cca70a5cb75017ba6896dfecb9dbed3dc575ca9612fd8d91791c
shake	good_mood	image	mountain_5.png	shake_mountain_5	d3a9b783ebe5f2a67d67500f4f2cc4ecf9cf26ad84b076ba5801dfb76e64c151	11284	https://game-sdk-assets.spapp.zabka.pl/remote-assets/assets/d3a9b783ebe5f2a67d67500f4f2cc4ecf9cf26ad84b076ba5801dfb76e64c151
shake	good_mood	image	mountain_5_mask.png	shake_mountain_5_mask	59cccde1745453a5323d723a44e5010163a534c1d7a08e4548af10c7fa891499	9964	https://game-sdk-assets.spapp.zabka.pl/remote-assets/assets/59cccde1745453a5323d723a44e5010163a534c1d7a08e4548af10c7fa891499
shake	good_mood	image	rocket.png	shake_rocket	d61a8fd8b680bc09172e29a48420585bcd16b3ee9720e84ce78deeaac857c055	2174	https://game-sdk-assets.spapp.zabka.pl/remote-assets/assets/d61a8fd8b680bc09172e29a48420585bcd16b3ee9720e84ce78deeaac857c055
shake	good_mood	audio	coin_bag_collect.mp3	shake_coin_bag_collect	ef2f95afd266f3f28d6d3a5f332fe0c319968c3e491c6fa53f2c9fcacf2e5d6f	41613	https://game-sdk-assets.spapp.zabka.pl/remote-assets/assets/ef2f95afd266f3f28d6d3a5f332fe0c319968c3e491c6fa53f2c9fcacf2e5d6f
shake	good_mood	audio	coin_collect.mp3	shake_coin_collect	daaf08dfb15644eba0ada8a694412bdd6843b11fc09ebe51af90bc58f0d66c2f	7277	https://game-sdk-assets.spapp.zabka.pl/remote-assets/assets/daaf08dfb15644eba0ada8a694412bdd6843b11fc09ebe51af90bc58f0d66c2f
shake	good_mood	audio	collision_hit.mp3	shake_collision_hit	a015473187965786fa7574804dd9743b8fddbce5f7f0a8e2110fddf3cdb314b5	9789	https://game-sdk-assets.spapp.zabka.pl/remote-assets/assets/a015473187965786fa7574804dd9743b8fddbce5f7f0a8e2110fddf3cdb314b5
shake	good_mood	audio	fuel_collect.mp3	shake_fuel_collect	3f8c3a03045cbf4edc3e2a76c6171df8e484d89a07ece6b745996ec8d77e224a	22756	https://game-sdk-assets.spapp.zabka.pl/remote-assets/assets/3f8c3a03045cbf4edc3e2a76c6171df8e484d89a07ece6b745996ec8d77e224a
shake	good_mood	audio	game_over.mp3	shake_game_over	46f69558705b655d90d98f0db74a03f2990d02f4f09aaf907ad96d30f5f99dac	84916	https://game-sdk-assets.spapp.zabka.pl/remote-assets/assets/46f69558705b655d90d98f0db74a03f2990d02f4f09aaf907ad96d30f5f99dac
shake	good_mood	audio	low_fuel.mp3	shake_low_fuel	0567858fdef683e2c5caaeccd5d6cdadc757b2beaa01cc22199881b56e910973	239853	https://game-sdk-assets.spapp.zabka.pl/remote-assets/assets/0567858fdef683e2c5caaeccd5d6cdadc757b2beaa01cc22199881b56e910973
shake	good_mood	audio	rain.mp3	shake_rain	056f93fc924c7e42ff1d5f1d5e9a4e78155f8a20b94ba737f3374d2686ee6cf1	116781	https://game-sdk-assets.spapp.zabka.pl/remote-assets/assets/056f93fc924c7e42ff1d5f1d5e9a4e78155f8a20b94ba737f3374d2686ee6cf1
shake	good_mood	audio	rocket_collision.mp3	shake_rocket_collision	8dbaef9c01a889a180a73d5ac2a8e8119802bfeedb619213ef040ba69b76e589	16749	https://game-sdk-assets.spapp.zabka.pl/remote-assets/assets/8dbaef9c01a889a180a73d5ac2a8e8119802bfeedb619213ef040ba69b76e589
shake	good_mood	audio	spray.mp3	shake_spray	63af70fa73510408c87ab12e5c2fd66deec3fe0268671af7fe12e52db7fb32c6	17731	https://game-sdk-assets.spapp.zabka.pl/remote-assets/assets/63af70fa73510408c87ab12e5c2fd66deec3fe0268671af7fe12e52db7fb32c6
shake	good_mood	vector	home_rounded.svg	shake_home_rounded	7530584d1c1d122abd118d7a1e0256c16a1215eae5559cddaa4844adb0109c34	999	https://game-sdk-assets.spapp.zabka.pl/remote-assets/assets/7530584d1c1d122abd118d7a1e0256c16a1215eae5559cddaa4844adb0109c34
shake	good_mood	video	onboarding.mp4	shake_onboarding	b43cc66e7a26d9eae15bb90ace71a8b2f17399f04b502a5770ffdd16f83b52ac	4768885	https://game-sdk-assets.spapp.zabka.pl/remote-assets/assets/b43cc66e7a26d9eae15bb90ace71a8b2f17399f04b502a5770ffdd16f83b52ac
shake	good_mood	font	LuckiestGuy-Regular.ttf	shake_luckiestguy_regular	fbe683091b0db0faa8f38e5227ad3bc17dc67f119f27ff10a63d72f5f9bb9da3	58324	https://game-sdk-assets.spapp.zabka.pl/remote-assets/assets/fbe683091b0db0faa8f38e5227ad3bc17dc67f119f27ff10a63d72f5f9bb9da3
shake	red_bull	image	background_text.png	shake_background_text	ccda600e089adf6179b14d17915d41d3adf53069143a4096b1515ad80afad1a8	20584	https://game-sdk-assets.spapp.zabka.pl/remote-assets/assets/ccda600e089adf6179b14d17915d41d3adf53069143a4096b1515ad80afad1a8
shake	red_bull	image	coin_bag.png	shake_coin_bag	8439d6535444f4936c523faeff30393e3a52a215c5282b0cc93bda8ac60597ab	1362	https://game-sdk-assets.spapp.zabka.pl/remote-assets/assets/8439d6535444f4936c523faeff30393e3a52a215c5282b0cc93bda8ac60597ab
shake	red_bull	image	coin_green.png	shake_coin_green	a7f7b7821456f6d12d805c23f4bfc9495fe7e0744a4564ee3f707cc8a5b820dc	1224	https://game-sdk-assets.spapp.zabka.pl/remote-assets/assets/a7f7b7821456f6d12d805c23f4bfc9495fe7e0744a4564ee3f707cc8a5b820dc
shake	red_bull	image	coin_yellow.png	shake_coin_yellow	4892fad3fe62b56da40f3e3614495fe764c00138cde01a194ac4d7d1f11739d1	628	https://game-sdk-assets.spapp.zabka.pl/remote-assets/assets/4892fad3fe62b56da40f3e3614495fe764c00138cde01a194ac4d7d1f11739d1
shake	red_bull	image	flag.png	shake_flag	0a87c7cbeb821e334cf29e34a332a78f56a32d7a7e44af2d753d3b1400dadaae	1337	https://game-sdk-assets.spapp.zabka.pl/remote-assets/assets/0a87c7cbeb821e334cf29e34a332a78f56a32d7a7e44af2d753d3b1400dadaae
shake	red_bull	image	force_ui.png	shake_force_ui	f195edcc96e41ae5ec8957051b0a577cbcea8ab5a1d3740c22c89d0327c509d2	464	https://game-sdk-assets.spapp.zabka.pl/remote-assets/assets/f195edcc96e41ae5ec8957051b0a577cbcea8ab5a1d3740c22c89d0327c509d2
shake	red_bull	image	frog.png	shake_frog	53db6cab529f4934f8d1c80655f667e564bc0567716d4c8db139b51d7aee33ef	1666	https://game-sdk-assets.spapp.zabka.pl/remote-assets/assets/53db6cab529f4934f8d1c80655f667e564bc0567716d4c8db139b51d7aee33ef
shake	red_bull	image	fuel.png	shake_fuel	a32db3700705c515dbb29707afde082efb5083623a7ddc25e3f92c8d1dc1fd28	786	https://game-sdk-assets.spapp.zabka.pl/remote-assets/assets/a32db3700705c515dbb29707afde082efb5083623a7ddc25e3f92c8d1dc1fd28
shake	red_bull	image	fuel_full.png	shake_fuel_full	398cde94536fa65b4681c5ad43c9680519a112cdbbbb25d998684b8dd3c74de6	856	https://game-sdk-assets.spapp.zabka.pl/remote-assets/assets/398cde94536fa65b4681c5ad43c9680519a112cdbbbb25d998684b8dd3c74de6
shake	red_bull	image	fuel_ui.png	shake_fuel_ui	b2ecbe4f3a9714ba764be152b5d0580484dd771595b9c0febc36838dbcb44d23	430	https://game-sdk-assets.spapp.zabka.pl/remote-assets/assets/b2ecbe4f3a9714ba764be152b5d0580484dd771595b9c0febc36838dbcb44d23
shake	red_bull	image	jetpack.png	shake_jetpack	ca3972628c8ecf6ac28d34dcdf1bfdda052023140dd0b09e270d4ea4c59f8294	71	https://game-sdk-assets.spapp.zabka.pl/remote-assets/assets/ca3972628c8ecf6ac28d34dcdf1bfdda052023140dd0b09e270d4ea4c59f8294
shake	red_bull	image	layer_1.png	shake_layer_1	e1cb5404f6e0bde89b3d4acecbdad142f32ea260c67a1fc7cbd28d78c778f577	3453	https://game-sdk-assets.spapp.zabka.pl/remote-assets/assets/e1cb5404f6e0bde89b3d4acecbdad142f32ea260c67a1fc7cbd28d78c778f577
shake	red_bull	image	layer_2.png	shake_layer_2	74ce3a386c571bcd4ac889ab5ce3279447d0bac44cec4bb7d34d216ef8921759	6560	https://game-sdk-assets.spapp.zabka.pl/remote-assets/assets/74ce3a386c571bcd4ac889ab5ce3279447d0bac44cec4bb7d34d216ef8921759
shake	red_bull	image	layer_3.png	shake_layer_3	e9126396c0cf86ca9bf155c5326f3f0cc9e26bc8945c1b7e3e7fd5592ef23bb5	5307	https://game-sdk-assets.spapp.zabka.pl/remote-assets/assets/e9126396c0cf86ca9bf155c5326f3f0cc9e26bc8945c1b7e3e7fd5592ef23bb5
shake	red_bull	image	layer_4.png	shake_layer_4	09e119de56ec06adef3ffc60e59b7b45ec11741e52c872ba010cdd7a0b3ce2a4	5889	https://game-sdk-assets.spapp.zabka.pl/remote-assets/assets/09e119de56ec06adef3ffc60e59b7b45ec11741e52c872ba010cdd7a0b3ce2a4
shake	red_bull	image	layer_5.png	shake_layer_5	5f47a95aa35025b8ed84242bc0214031c7a99cd49a2bfc04a43bec223accbcbe	6671	https://game-sdk-assets.spapp.zabka.pl/remote-assets/assets/5f47a95aa35025b8ed84242bc0214031c7a99cd49a2bfc04a43bec223accbcbe
shake	red_bull	image	layer_6.png	shake_layer_6	e4f355ed255964ab62903aaa763e0aefca5ab599ab3be9367937b84690254454	5957	https://game-sdk-assets.spapp.zabka.pl/remote-assets/assets/e4f355ed255964ab62903aaa763e0aefca5ab599ab3be9367937b84690254454
shake	red_bull	image	mountain_1.png	shake_mountain_1	11eba53f4edfa2ba27575f2273adb2ca28cc84a72268557a86646f4c14b470d4	5490	https://game-sdk-assets.spapp.zabka.pl/remote-assets/assets/11eba53f4edfa2ba27575f2273adb2ca28cc84a72268557a86646f4c14b470d4
shake	red_bull	image	mountain_1_mask.png	shake_mountain_1_mask	71e93326633cc38ddf96fdb31e592e2d2dc04bb6a28c4c0e8c9e295a9edc47ae	4491	https://game-sdk-assets.spapp.zabka.pl/remote-assets/assets/71e93326633cc38ddf96fdb31e592e2d2dc04bb6a28c4c0e8c9e295a9edc47ae
shake	red_bull	image	mountain_2.png	shake_mountain_2	acdd492f44292b6e6ff12cfeabc23aa09ee1d784829629d3c0d0705f31cc9f87	15995	https://game-sdk-assets.spapp.zabka.pl/remote-assets/assets/acdd492f44292b6e6ff12cfeabc23aa09ee1d784829629d3c0d0705f31cc9f87
shake	red_bull	image	mountain_2_mask.png	shake_mountain_2_mask	1a63f70cf19ba1957803601540dc0058f70e2a7c18344f69b61d6016ce561c63	12713	https://game-sdk-assets.spapp.zabka.pl/remote-assets/assets/1a63f70cf19ba1957803601540dc0058f70e2a7c18344f69b61d6016ce561c63
shake	red_bull	image	mountain_3.png	shake_mountain_3	fdfe22506ad77283935a7ad94124e4996fed78ea7b366173bdb9845f231e2523	18039	https://game-sdk-assets.spapp.zabka.pl/remote-assets/assets/fdfe22506ad77283935a7ad94124e4996fed78ea7b366173bdb9845f231e2523
shake	red_bull	image	mountain_3_mask.png	shake_mountain_3_mask	d3f24f17323bb930ea47bd136f0a3c92ae12aceabaafbdc093ddd0b6631ba505	18116	https://game-sdk-assets.spapp.zabka.pl/remote-assets/assets/d3f24f17323bb930ea47bd136f0a3c92ae12aceabaafbdc093ddd0b6631ba505
shake	red_bull	image	mountain_4.png	shake_mountain_4	fc1a676ce18d5e04a81fb2d1bd882ea112074daaaa1b687fdc87a27eeddf7a4d	9089	https://game-sdk-assets.spapp.zabka.pl/remote-assets/assets/fc1a676ce18d5e04a81fb2d1bd882ea112074daaaa1b687fdc87a27eeddf7a4d
shake	red_bull	image	mountain_4_mask.png	shake_mountain_4_mask	768d3349e459cca70a5cb75017ba6896dfecb9dbed3dc575ca9612fd8d91791c	10737	https://game-sdk-assets.spapp.zabka.pl/remote-assets/assets/768d3349e459cca70a5cb75017ba6896dfecb9dbed3dc575ca9612fd8d91791c
shake	red_bull	image	mountain_5.png	shake_mountain_5	1287b6351a45bc2ffa2443fb15006fbb8992fce52fdaa04dc9a56f29ab49c966	10347	https://game-sdk-assets.spapp.zabka.pl/remote-assets/assets/1287b6351a45bc2ffa2443fb15006fbb8992fce52fdaa04dc9a56f29ab49c966
shake	red_bull	image	mountain_5_mask.png	shake_mountain_5_mask	59cccde1745453a5323d723a44e5010163a534c1d7a08e4548af10c7fa891499	9964	https://game-sdk-assets.spapp.zabka.pl/remote-assets/assets/59cccde1745453a5323d723a44e5010163a534c1d7a08e4548af10c7fa891499
shake	red_bull	image	rocket.png	shake_rocket	ce9607fb11fecf6da4c7ed208cdb809dea1f8028551222b6ad3a908bf7e9b01e	1463	https://game-sdk-assets.spapp.zabka.pl/remote-assets/assets/ce9607fb11fecf6da4c7ed208cdb809dea1f8028551222b6ad3a908bf7e9b01e
shake	red_bull	audio	coin_bag_collect.mp3	shake_coin_bag_collect	ef2f95afd266f3f28d6d3a5f332fe0c319968c3e491c6fa53f2c9fcacf2e5d6f	41613	https://game-sdk-assets.spapp.zabka.pl/remote-assets/assets/ef2f95afd266f3f28d6d3a5f332fe0c319968c3e491c6fa53f2c9fcacf2e5d6f
shake	red_bull	audio	coin_collect.mp3	shake_coin_collect	daaf08dfb15644eba0ada8a694412bdd6843b11fc09ebe51af90bc58f0d66c2f	7277	https://game-sdk-assets.spapp.zabka.pl/remote-assets/assets/daaf08dfb15644eba0ada8a694412bdd6843b11fc09ebe51af90bc58f0d66c2f
shake	red_bull	audio	collision_hit.mp3	shake_collision_hit	a015473187965786fa7574804dd9743b8fddbce5f7f0a8e2110fddf3cdb314b5	9789	https://game-sdk-assets.spapp.zabka.pl/remote-assets/assets/a015473187965786fa7574804dd9743b8fddbce5f7f0a8e2110fddf3cdb314b5
shake	red_bull	audio	fuel_collect.mp3	shake_fuel_collect	3f8c3a03045cbf4edc3e2a76c6171df8e484d89a07ece6b745996ec8d77e224a	22756	https://game-sdk-assets.spapp.zabka.pl/remote-assets/assets/3f8c3a03045cbf4edc3e2a76c6171df8e484d89a07ece6b745996ec8d77e224a
shake	red_bull	audio	game_over.mp3	shake_game_over	46f69558705b655d90d98f0db74a03f2990d02f4f09aaf907ad96d30f5f99dac	84916	https://game-sdk-assets.spapp.zabka.pl/remote-assets/assets/46f69558705b655d90d98f0db74a03f2990d02f4f09aaf907ad96d30f5f99dac
shake	red_bull	audio	low_fuel.mp3	shake_low_fuel	0567858fdef683e2c5caaeccd5d6cdadc757b2beaa01cc22199881b56e910973	239853	https://game-sdk-assets.spapp.zabka.pl/remote-assets/assets/0567858fdef683e2c5caaeccd5d6cdadc757b2beaa01cc22199881b56e910973
shake	red_bull	audio	rain.mp3	shake_rain	056f93fc924c7e42ff1d5f1d5e9a4e78155f8a20b94ba737f3374d2686ee6cf1	116781	https://game-sdk-assets.spapp.zabka.pl/remote-assets/assets/056f93fc924c7e42ff1d5f1d5e9a4e78155f8a20b94ba737f3374d2686ee6cf1
shake	red_bull	audio	rocket_collision.mp3	shake_rocket_collision	8dbaef9c01a889a180a73d5ac2a8e8119802bfeedb619213ef040ba69b76e589	16749	https://game-sdk-assets.spapp.zabka.pl/remote-assets/assets/8dbaef9c01a889a180a73d5ac2a8e8119802bfeedb619213ef040ba69b76e589
shake	red_bull	audio	spray.mp3	shake_spray	63af70fa73510408c87ab12e5c2fd66deec3fe0268671af7fe12e52db7fb32c6	17731	https://game-sdk-assets.spapp.zabka.pl/remote-assets/assets/63af70fa73510408c87ab12e5c2fd66deec3fe0268671af7fe12e52db7fb32c6
shake	red_bull	vector	home_rounded.svg	shake_home_rounded	7530584d1c1d122abd118d7a1e0256c16a1215eae5559cddaa4844adb0109c34	999	https://game-sdk-assets.spapp.zabka.pl/remote-assets/assets/7530584d1c1d122abd118d7a1e0256c16a1215eae5559cddaa4844adb0109c34
shake	red_bull	video	onboarding.mp4	shake_onboarding	766e3c304ce9e0d83d23813e8af4c9f60906eacff9855e7662bd2f8687a9f81c	4750744	https://game-sdk-assets.spapp.zabka.pl/remote-assets/assets/766e3c304ce9e0d83d23813e8af4c9f60906eacff9855e7662bd2f8687a9f81c
shake	red_bull	font	LuckiestGuy-Regular.ttf	shake_luckiestguy_regular	fbe683091b0db0faa8f38e5227ad3bc17dc67f119f27ff10a63d72f5f9bb9da3	58324	https://game-sdk-assets.spapp.zabka.pl/remote-assets/assets/fbe683091b0db0faa8f38e5227ad3bc17dc67f119f27ff10a63d72f5f9bb9da3
snake_1v1	default	image	background_arena.png	snake_1v1_background_arena	af04edcba27f41c463eb31ebe0cde4fe77add290aa5f4515f6e341c764aa2099	1854112	https://game-sdk-assets.spapp.zabka.pl/remote-assets/assets/af04edcba27f41c463eb31ebe0cde4fe77add290aa5f4515f6e341c764aa2099
snake_1v1	default	image	growth_orb.png	snake_1v1_growth_orb	30c523261debd24205bc7fb4aa331f335b1488b60f37dfffce87c70bc22f44db	29304	https://game-sdk-assets.spapp.zabka.pl/remote-assets/assets/30c523261debd24205bc7fb4aa331f335b1488b60f37dfffce87c70bc22f44db
snake_1v1	default	image	logo.png	snake_1v1_logo	be63de2fde89a4db5fb56b810029d5d03eb5b71cca842a3cb9a0297c9bda44b2	149	https://game-sdk-assets.spapp.zabka.pl/remote-assets/assets/be63de2fde89a4db5fb56b810029d5d03eb5b71cca842a3cb9a0297c9bda44b2
snake_1v1	default	image	pickup_add_time.png	snake_1v1_pickup_add_time	87e49d21dcd5ebe721799301250f258c05aafbcfdc83df87a42ad79166efa4f2	9379	https://game-sdk-assets.spapp.zabka.pl/remote-assets/assets/87e49d21dcd5ebe721799301250f258c05aafbcfdc83df87a42ad79166efa4f2
snake_1v1	default	image	pickup_cut_opponent.png	snake_1v1_pickup_cut_opponent	e0631eec1f7de4cd132caa3b6f14855721068518b15385ae1fc73314751a7e50	6522	https://game-sdk-assets.spapp.zabka.pl/remote-assets/assets/e0631eec1f7de4cd132caa3b6f14855721068518b15385ae1fc73314751a7e50
snake_1v1	default	image	pickup_phase_through.png	snake_1v1_pickup_phase_through	36f1362546df2508dc66660356b44e9c081888f3dc44bd68a9bad36b4a4ea67f	9053	https://game-sdk-assets.spapp.zabka.pl/remote-assets/assets/36f1362546df2508dc66660356b44e9c081888f3dc44bd68a9bad36b4a4ea67f
snake_1v1	default	image	pickup_reverse_controls.png	snake_1v1_pickup_reverse_controls	68a9b178d03ad04b7b8185d935ffae0fcce50f691ea2581b645eaf3584e22190	8361	https://game-sdk-assets.spapp.zabka.pl/remote-assets/assets/68a9b178d03ad04b7b8185d935ffae0fcce50f691ea2581b645eaf3584e22190
snake_1v1	default	image	pickup_slowdown.png	snake_1v1_pickup_slowdown	ab46f0e4e32d4c477bf588bcc3f1a2bb58805632127f0b5aee5043d1a93d6b29	7222	https://game-sdk-assets.spapp.zabka.pl/remote-assets/assets/ab46f0e4e32d4c477bf588bcc3f1a2bb58805632127f0b5aee5043d1a93d6b29
snake_1v1	default	image	pickup_speedup.png	snake_1v1_pickup_speedup	da706115412f0eaf0ec8aae54f69d36b69d0c7702f1df0cb55e2357262f3217b	7665	https://game-sdk-assets.spapp.zabka.pl/remote-assets/assets/da706115412f0eaf0ec8aae54f69d36b69d0c7702f1df0cb55e2357262f3217b
snake_1v1	default	audio	cut_snake.mp3	snake_1v1_cut_snake	4fabe2394954b5875fae51f6df3d9b28ab733826f5f074b23c36534b6a8283b0	13173	https://game-sdk-assets.spapp.zabka.pl/remote-assets/assets/4fabe2394954b5875fae51f6df3d9b28ab733826f5f074b23c36534b6a8283b0
snake_1v1	default	audio	grow_pickup_collect.mp3	snake_1v1_grow_pickup_collect	9626cae07c1b1e77c521812c2baa15623cfb00522b88cf15ef16dfdd9b81cf49	16629	https://game-sdk-assets.spapp.zabka.pl/remote-assets/assets/9626cae07c1b1e77c521812c2baa15623cfb00522b88cf15ef16dfdd9b81cf49
snake_1v1	default	audio	pickup_collect.mp3	snake_1v1_pickup_collect	67f86643b0d12bf664d40ba124264c09acc0e37811df66968f89c90aebe56e08	25437	https://game-sdk-assets.spapp.zabka.pl/remote-assets/assets/67f86643b0d12bf664d40ba124264c09acc0e37811df66968f89c90aebe56e08
snake_1v1	default	audio	snake_wall_collision_standard.mp3	snake_1v1_snake_wall_collision_standard	5640b3e736eec494736b37361ee2fddaedbd7c795faa87c1857b9efeabd00370	24045	https://game-sdk-assets.spapp.zabka.pl/remote-assets/assets/5640b3e736eec494736b37361ee2fddaedbd7c795faa87c1857b9efeabd00370
snake_1v1	default	audio	snake_with_snake_collision.mp3	snake_1v1_snake_with_snake_collision	883c9e2a4b7540dd77e82370e92576cb0a0bb67f6c44dbc322c38e87f28af777	19245	https://game-sdk-assets.spapp.zabka.pl/remote-assets/assets/883c9e2a4b7540dd77e82370e92576cb0a0bb67f6c44dbc322c38e87f28af777
snake_1v1	default	audio	timeout.mp3	snake_1v1_timeout	4bf082b3bf705df903989fd34cdfb0badffa740a034cd004eec7844a717a417c	122301	https://game-sdk-assets.spapp.zabka.pl/remote-assets/assets/4bf082b3bf705df903989fd34cdfb0badffa740a034cd004eec7844a717a417c
snake_1v1	default	vector	home_rounded.svg	snake_1v1_home_rounded	7530584d1c1d122abd118d7a1e0256c16a1215eae5559cddaa4844adb0109c34	999	https://game-sdk-assets.spapp.zabka.pl/remote-assets/assets/7530584d1c1d122abd118d7a1e0256c16a1215eae5559cddaa4844adb0109c34
snake_1v1	default	vector	pickup_barriers.svg	snake_1v1_pickup_barriers	01348576e847063da817e1cca1453871b9c62db89a288ba4c603742fbcafa95f	1187	https://game-sdk-assets.spapp.zabka.pl/remote-assets/assets/01348576e847063da817e1cca1453871b9c62db89a288ba4c603742fbcafa95f
snake_1v1	default	vector	zp_smile.svg	snake_1v1_zp_smile	a9dff1def5404ead923323abdc001eb9e65f16316198074998cdde0f500674aa	564	https://game-sdk-assets.spapp.zabka.pl/remote-assets/assets/a9dff1def5404ead923323abdc001eb9e65f16316198074998cdde0f500674aa
snake_1v1	default	video	onboarding.mp4	snake_1v1_onboarding	3fd8f363b91622d6d8d08c6c099ac94d1d6c0e97f5b9c3a9ed0e29192b7bf6b3	27686730	https://game-sdk-assets.spapp.zabka.pl/remote-assets/assets/3fd8f363b91622d6d8d08c6c099ac94d1d6c0e97f5b9c3a9ed0e29192b7bf6b3
snake_1v1	default	font	LuckiestGuy-Regular.ttf	snake_1v1_luckiestguy_regular	fbe683091b0db0faa8f38e5227ad3bc17dc67f119f27ff10a63d72f5f9bb9da3	58324	https://game-sdk-assets.spapp.zabka.pl/remote-assets/assets/fbe683091b0db0faa8f38e5227ad3bc17dc67f119f27ff10a63d72f5f9bb9da3
steer	default	image	background_display.png	steer_background_display	576e6278c1c2646435fe6191e499f775e171448cf85a9f084a6cbbc02e5a9219	2314	https://game-sdk-assets.spapp.zabka.pl/remote-assets/assets/576e6278c1c2646435fe6191e499f775e171448cf85a9f084a6cbbc02e5a9219
steer	default	image	background_layer_1.png	steer_background_layer_1	3875a27135dafe26287e2181b3445d16065f4e435667034ff0b080ed096b0f00	222124	https://game-sdk-assets.spapp.zabka.pl/remote-assets/assets/3875a27135dafe26287e2181b3445d16065f4e435667034ff0b080ed096b0f00
steer	default	image	background_layer_2.png	steer_background_layer_2	680d2cc77bf59961f03c7c51e16bc03e49b7ee2d38a93aafa1a35d7b326e4af9	9283	https://game-sdk-assets.spapp.zabka.pl/remote-assets/assets/680d2cc77bf59961f03c7c51e16bc03e49b7ee2d38a93aafa1a35d7b326e4af9
steer	default	image	background_layer_3.png	steer_background_layer_3	9da6d434a1203b1fbedef2ac5bb8cbc138fead8a5bd33ad0eceb9c97afe6f9d7	9175	https://game-sdk-assets.spapp.zabka.pl/remote-assets/assets/9da6d434a1203b1fbedef2ac5bb8cbc138fead8a5bd33ad0eceb9c97afe6f9d7
steer	default	image	growth_orb.png	steer_growth_orb	4528c18d967ed2e76feae488f3029c6c0408ebcfba10070346475c346c1b76cc	17944	https://game-sdk-assets.spapp.zabka.pl/remote-assets/assets/4528c18d967ed2e76feae488f3029c6c0408ebcfba10070346475c346c1b76cc
steer	default	image	orb_power_up.png	steer_orb_power_up	cfd97cbf745866189c4cef22c621d7fcb527465eb2bfbc37f13ec589900082cb	6593	https://game-sdk-assets.spapp.zabka.pl/remote-assets/assets/cfd97cbf745866189c4cef22c621d7fcb527465eb2bfbc37f13ec589900082cb
steer	default	image	orb_slow_down.png	steer_orb_slow_down	8c580039279fa960dcbb6a8f9569bab937e7e41e8cd7eaf8a0eda14550a97d64	6033	https://game-sdk-assets.spapp.zabka.pl/remote-assets/assets/8c580039279fa960dcbb6a8f9569bab937e7e41e8cd7eaf8a0eda14550a97d64
steer	default	image	snake_glow.png	steer_snake_glow	823a58150dd3d8ab205efb75ae84867c32c16838d2ebf93fe172de43a9ff79ef	7933	https://game-sdk-assets.spapp.zabka.pl/remote-assets/assets/823a58150dd3d8ab205efb75ae84867c32c16838d2ebf93fe172de43a9ff79ef
steer	default	image	snake_glow_immortal.png	steer_snake_glow_immortal	98fb9ef26cbaeebccf24a6cd1768be596f5d423a2395eb69be2efc8fd7a248a7	7529	https://game-sdk-assets.spapp.zabka.pl/remote-assets/assets/98fb9ef26cbaeebccf24a6cd1768be596f5d423a2395eb69be2efc8fd7a248a7
steer	default	image	snake_glow_slowdown.png	steer_snake_glow_slowdown	bb0e5c1caad4044e8db08c1a4e493ac28f6a14ad2ddc3b57e0fa40786af949ac	5696	https://game-sdk-assets.spapp.zabka.pl/remote-assets/assets/bb0e5c1caad4044e8db08c1a4e493ac28f6a14ad2ddc3b57e0fa40786af949ac
steer	default	image	snake_head_ball.png	steer_snake_head_ball	c1dcd86250c567ee05add75aca40b15f783d47e51577ece10588d4f64777daac	525	https://game-sdk-assets.spapp.zabka.pl/remote-assets/assets/c1dcd86250c567ee05add75aca40b15f783d47e51577ece10588d4f64777daac
steer	default	image	snake_head_ball_immortal.png	steer_snake_head_ball_immortal	bb14fdd8696905393c7073f5ca6f438e829b38f890f2bb3f2e80cc0851257d50	509	https://game-sdk-assets.spapp.zabka.pl/remote-assets/assets/bb14fdd8696905393c7073f5ca6f438e829b38f890f2bb3f2e80cc0851257d50
steer	default	image	snake_head_ball_slowdown.png	steer_snake_head_ball_slowdown	5fb7b42284c0fc21b83f0e8d638c2b9c69bb118cc8ef865592198ee383e0f65e	507	https://game-sdk-assets.spapp.zabka.pl/remote-assets/assets/5fb7b42284c0fc21b83f0e8d638c2b9c69bb118cc8ef865592198ee383e0f65e
steer	default	image	snake_segment_ball.png	steer_snake_segment_ball	c1dcd86250c567ee05add75aca40b15f783d47e51577ece10588d4f64777daac	525	https://game-sdk-assets.spapp.zabka.pl/remote-assets/assets/c1dcd86250c567ee05add75aca40b15f783d47e51577ece10588d4f64777daac
steer	default	image	snake_segment_ball_immortal.png	steer_snake_segment_ball_immortal	bb14fdd8696905393c7073f5ca6f438e829b38f890f2bb3f2e80cc0851257d50	509	https://game-sdk-assets.spapp.zabka.pl/remote-assets/assets/bb14fdd8696905393c7073f5ca6f438e829b38f890f2bb3f2e80cc0851257d50
steer	default	image	snake_segment_ball_slowdown.png	steer_snake_segment_ball_slowdown	5fb7b42284c0fc21b83f0e8d638c2b9c69bb118cc8ef865592198ee383e0f65e	507	https://game-sdk-assets.spapp.zabka.pl/remote-assets/assets/5fb7b42284c0fc21b83f0e8d638c2b9c69bb118cc8ef865592198ee383e0f65e
steer	default	image	text_background.png	steer_text_background	98a822355ead8be137541ae719f4858d15f418fc403c35b25f762de9c4298719	9892	https://game-sdk-assets.spapp.zabka.pl/remote-assets/assets/98a822355ead8be137541ae719f4858d15f418fc403c35b25f762de9c4298719
steer	default	image	timer.png	steer_timer	27ab6999b11415569905d1db762646273e37d18b9ad91e3f9eb3ca1d15f9bf2d	291	https://game-sdk-assets.spapp.zabka.pl/remote-assets/assets/27ab6999b11415569905d1db762646273e37d18b9ad91e3f9eb3ca1d15f9bf2d
steer	default	image	wall.png	steer_wall	21b9594c7ebfe6031bd00593c4e97939c015c551594f6dab310119f65284ef41	777	https://game-sdk-assets.spapp.zabka.pl/remote-assets/assets/21b9594c7ebfe6031bd00593c4e97939c015c551594f6dab310119f65284ef41
steer	default	image	zabka_smile.png	steer_zabka_smile	65be13c5ddde4ecf9b092fc2baf8393f4ce8d8e33f97e422373617ef26df720b	747	https://game-sdk-assets.spapp.zabka.pl/remote-assets/assets/65be13c5ddde4ecf9b092fc2baf8393f4ce8d8e33f97e422373617ef26df720b
steer	default	audio	block_destroyed_immortal.mp3	steer_block_destroyed_immortal	a106b44dc5cf1dedff9b740d1c5b010dc0dc42418e104ba0318996bf06496388	38253	https://game-sdk-assets.spapp.zabka.pl/remote-assets/assets/a106b44dc5cf1dedff9b740d1c5b010dc0dc42418e104ba0318996bf06496388
steer	default	audio	block_destroyed_standard.mp3	steer_block_destroyed_standard	3608895e20e00caae06b0c47289c59d59617bc32551c37bf5b9a39fa4f679736	32973	https://game-sdk-assets.spapp.zabka.pl/remote-assets/assets/3608895e20e00caae06b0c47289c59d59617bc32551c37bf5b9a39fa4f679736
steer	default	audio	block_hit.mp3	steer_block_hit	73d9ccfe744521e85244abd6a2ca7b567e42f75b6298455ea5e9ec524e5b5a3c	40049	https://game-sdk-assets.spapp.zabka.pl/remote-assets/assets/73d9ccfe744521e85244abd6a2ca7b567e42f75b6298455ea5e9ec524e5b5a3c
steer	default	audio	orb_collect_2.mp3	steer_orb_collect_2	f8f9868e16617d95a44c07b93d0c77bf2bac7567a703c235e92263152602c236	10684	https://game-sdk-assets.spapp.zabka.pl/remote-assets/assets/f8f9868e16617d95a44c07b93d0c77bf2bac7567a703c235e92263152602c236
steer	default	audio	orb_enhance_collect.mp3	steer_orb_enhance_collect	608cbe5d740056720c4984ec1775af342b2b82d1a717dbc92a5bd7e4a5edf22a	25341	https://game-sdk-assets.spapp.zabka.pl/remote-assets/assets/608cbe5d740056720c4984ec1775af342b2b82d1a717dbc92a5bd7e4a5edf22a
steer	default	audio	start_sound.mp3	steer_start_sound	c67d53d39d5d1c17a644fb0c5dcb1346212f7c2abc2a12a8d1317551b62ddd88	77133	https://game-sdk-assets.spapp.zabka.pl/remote-assets/assets/c67d53d39d5d1c17a644fb0c5dcb1346212f7c2abc2a12a8d1317551b62ddd88
steer	default	vector	base_block.svg	steer_base_block	bbfd5ada24450d5f4cab14d32f79e0319e504409c068cc1b3cbfa391ac60acb6	171	https://game-sdk-assets.spapp.zabka.pl/remote-assets/assets/bbfd5ada24450d5f4cab14d32f79e0319e504409c068cc1b3cbfa391ac60acb6
steer	default	vector	home_rounded.svg	steer_home_rounded	7530584d1c1d122abd118d7a1e0256c16a1215eae5559cddaa4844adb0109c34	999	https://game-sdk-assets.spapp.zabka.pl/remote-assets/assets/7530584d1c1d122abd118d7a1e0256c16a1215eae5559cddaa4844adb0109c34
steer	default	video	onboarding.mp4	steer_onboarding	d6a23b4314289e4f2bb50eca353b36524dd4a1544303efd5b7f88f53781dab01	12633062	https://game-sdk-assets.spapp.zabka.pl/remote-assets/assets/d6a23b4314289e4f2bb50eca353b36524dd4a1544303efd5b7f88f53781dab01
steer	default	font	LuckiestGuy-Regular.ttf	steer_luckiestguy_regular	fbe683091b0db0faa8f38e5227ad3bc17dc67f119f27ff10a63d72f5f9bb9da3	58324	https://game-sdk-assets.spapp.zabka.pl/remote-assets/assets/fbe683091b0db0faa8f38e5227ad3bc17dc67f119f27ff10a63d72f5f9bb9da3
steer	kaktus	image	background_display.png	steer_background_display	576e6278c1c2646435fe6191e499f775e171448cf85a9f084a6cbbc02e5a9219	2314	https://game-sdk-assets.spapp.zabka.pl/remote-assets/assets/576e6278c1c2646435fe6191e499f775e171448cf85a9f084a6cbbc02e5a9219
steer	kaktus	image	background_layer_1.png	steer_background_layer_1	24d1e96878b7bf4afbd5b1f4dea66b90e68526ddb7f03cbbae4bd50c031ae6d5	3069	https://game-sdk-assets.spapp.zabka.pl/remote-assets/assets/24d1e96878b7bf4afbd5b1f4dea66b90e68526ddb7f03cbbae4bd50c031ae6d5
steer	kaktus	image	background_layer_2.png	steer_background_layer_2	3f84d1a4dc3e59a1b4e8e2e38cda2e6f595bcdb5b9bfe2983ff1f28db403564e	28320	https://game-sdk-assets.spapp.zabka.pl/remote-assets/assets/3f84d1a4dc3e59a1b4e8e2e38cda2e6f595bcdb5b9bfe2983ff1f28db403564e
steer	kaktus	image	background_layer_3.png	steer_background_layer_3	e0b88a5860aee4a0182a987e18b8b723b3ad960a2df05931e6126f3fe01b1a0f	284	https://game-sdk-assets.spapp.zabka.pl/remote-assets/assets/e0b88a5860aee4a0182a987e18b8b723b3ad960a2df05931e6126f3fe01b1a0f
steer	kaktus	image	growth_orb.png	steer_growth_orb	765ea513d4d0353b8c9a3edfd1b76e3294812d9966bad9651839a0be5a2ca9ba	3363	https://game-sdk-assets.spapp.zabka.pl/remote-assets/assets/765ea513d4d0353b8c9a3edfd1b76e3294812d9966bad9651839a0be5a2ca9ba
steer	kaktus	image	orb_power_up.png	steer_orb_power_up	8464184927266ed61e6d97837739c9fb68a2121ad0b139e1068cfefd54725ba7	1988	https://game-sdk-assets.spapp.zabka.pl/remote-assets/assets/8464184927266ed61e6d97837739c9fb68a2121ad0b139e1068cfefd54725ba7
steer	kaktus	image	orb_slow_down.png	steer_orb_slow_down	3c51517e22ab8f1558ec23492d50a2dcad9fcec76c8fffdf52a81a920a08141e	2536	https://game-sdk-assets.spapp.zabka.pl/remote-assets/assets/3c51517e22ab8f1558ec23492d50a2dcad9fcec76c8fffdf52a81a920a08141e
steer	kaktus	image	snake_glow.png	steer_snake_glow	bb0e5c1caad4044e8db08c1a4e493ac28f6a14ad2ddc3b57e0fa40786af949ac	5696	https://game-sdk-assets.spapp.zabka.pl/remote-assets/assets/bb0e5c1caad4044e8db08c1a4e493ac28f6a14ad2ddc3b57e0fa40786af949ac
steer	kaktus	image	snake_glow_immortal.png	steer_snake_glow_immortal	98fb9ef26cbaeebccf24a6cd1768be596f5d423a2395eb69be2efc8fd7a248a7	7529	https://game-sdk-assets.spapp.zabka.pl/remote-assets/assets/98fb9ef26cbaeebccf24a6cd1768be596f5d423a2395eb69be2efc8fd7a248a7
steer	kaktus	image	snake_glow_slowdown.png	steer_snake_glow_slowdown	823a58150dd3d8ab205efb75ae84867c32c16838d2ebf93fe172de43a9ff79ef	7933	https://game-sdk-assets.spapp.zabka.pl/remote-assets/assets/823a58150dd3d8ab205efb75ae84867c32c16838d2ebf93fe172de43a9ff79ef
steer	kaktus	image	snake_head_ball.png	steer_snake_head_ball	356c0636a81a9a3e6ac560a6a2c589ac752ec40ee1dca8725931e579c277160e	712	https://game-sdk-assets.spapp.zabka.pl/remote-assets/assets/356c0636a81a9a3e6ac560a6a2c589ac752ec40ee1dca8725931e579c277160e
steer	kaktus	image	snake_head_ball_immortal.png	steer_snake_head_ball_immortal	e613d6e0cc6354709178d8d91fbb2bf67ef165bdbb9e4e411d8b8a4be9e0b252	700	https://game-sdk-assets.spapp.zabka.pl/remote-assets/assets/e613d6e0cc6354709178d8d91fbb2bf67ef165bdbb9e4e411d8b8a4be9e0b252
steer	kaktus	image	snake_head_ball_slowdown.png	steer_snake_head_ball_slowdown	7f5c547ea83c6632e01bc1efcffbdadb357c4d8b322def7cbca3b8d271b22055	744	https://game-sdk-assets.spapp.zabka.pl/remote-assets/assets/7f5c547ea83c6632e01bc1efcffbdadb357c4d8b322def7cbca3b8d271b22055
steer	kaktus	image	snake_segment_ball.png	steer_snake_segment_ball	356c0636a81a9a3e6ac560a6a2c589ac752ec40ee1dca8725931e579c277160e	712	https://game-sdk-assets.spapp.zabka.pl/remote-assets/assets/356c0636a81a9a3e6ac560a6a2c589ac752ec40ee1dca8725931e579c277160e
steer	kaktus	image	snake_segment_ball_immortal.png	steer_snake_segment_ball_immortal	e613d6e0cc6354709178d8d91fbb2bf67ef165bdbb9e4e411d8b8a4be9e0b252	700	https://game-sdk-assets.spapp.zabka.pl/remote-assets/assets/e613d6e0cc6354709178d8d91fbb2bf67ef165bdbb9e4e411d8b8a4be9e0b252
steer	kaktus	image	snake_segment_ball_slowdown.png	steer_snake_segment_ball_slowdown	7f5c547ea83c6632e01bc1efcffbdadb357c4d8b322def7cbca3b8d271b22055	744	https://game-sdk-assets.spapp.zabka.pl/remote-assets/assets/7f5c547ea83c6632e01bc1efcffbdadb357c4d8b322def7cbca3b8d271b22055
steer	kaktus	image	text_background.png	steer_text_background	98a822355ead8be137541ae719f4858d15f418fc403c35b25f762de9c4298719	9892	https://game-sdk-assets.spapp.zabka.pl/remote-assets/assets/98a822355ead8be137541ae719f4858d15f418fc403c35b25f762de9c4298719
steer	kaktus	image	timer.png	steer_timer	27ab6999b11415569905d1db762646273e37d18b9ad91e3f9eb3ca1d15f9bf2d	291	https://game-sdk-assets.spapp.zabka.pl/remote-assets/assets/27ab6999b11415569905d1db762646273e37d18b9ad91e3f9eb3ca1d15f9bf2d
steer	kaktus	image	wall.png	steer_wall	f871108cc05d58cac123c442f7be823acf1cd5c5fb5fc33f37ec7ba36f62bbb2	135	https://game-sdk-assets.spapp.zabka.pl/remote-assets/assets/f871108cc05d58cac123c442f7be823acf1cd5c5fb5fc33f37ec7ba36f62bbb2
steer	kaktus	image	zabka_smile.png	steer_zabka_smile	9eacaeb98c8027297c70c869b9a787ec616b90dc3289a59c5a62d213024def78	83	https://game-sdk-assets.spapp.zabka.pl/remote-assets/assets/9eacaeb98c8027297c70c869b9a787ec616b90dc3289a59c5a62d213024def78
steer	kaktus	audio	block_destroyed_immortal.mp3	steer_block_destroyed_immortal	a106b44dc5cf1dedff9b740d1c5b010dc0dc42418e104ba0318996bf06496388	38253	https://game-sdk-assets.spapp.zabka.pl/remote-assets/assets/a106b44dc5cf1dedff9b740d1c5b010dc0dc42418e104ba0318996bf06496388
steer	kaktus	audio	block_destroyed_standard.mp3	steer_block_destroyed_standard	3608895e20e00caae06b0c47289c59d59617bc32551c37bf5b9a39fa4f679736	32973	https://game-sdk-assets.spapp.zabka.pl/remote-assets/assets/3608895e20e00caae06b0c47289c59d59617bc32551c37bf5b9a39fa4f679736
steer	kaktus	audio	block_hit.mp3	steer_block_hit	73d9ccfe744521e85244abd6a2ca7b567e42f75b6298455ea5e9ec524e5b5a3c	40049	https://game-sdk-assets.spapp.zabka.pl/remote-assets/assets/73d9ccfe744521e85244abd6a2ca7b567e42f75b6298455ea5e9ec524e5b5a3c
steer	kaktus	audio	orb_collect_2.mp3	steer_orb_collect_2	f8f9868e16617d95a44c07b93d0c77bf2bac7567a703c235e92263152602c236	10684	https://game-sdk-assets.spapp.zabka.pl/remote-assets/assets/f8f9868e16617d95a44c07b93d0c77bf2bac7567a703c235e92263152602c236
steer	kaktus	audio	orb_enhance_collect.mp3	steer_orb_enhance_collect	608cbe5d740056720c4984ec1775af342b2b82d1a717dbc92a5bd7e4a5edf22a	25341	https://game-sdk-assets.spapp.zabka.pl/remote-assets/assets/608cbe5d740056720c4984ec1775af342b2b82d1a717dbc92a5bd7e4a5edf22a
steer	kaktus	audio	start_sound.mp3	steer_start_sound	c67d53d39d5d1c17a644fb0c5dcb1346212f7c2abc2a12a8d1317551b62ddd88	77133	https://game-sdk-assets.spapp.zabka.pl/remote-assets/assets/c67d53d39d5d1c17a644fb0c5dcb1346212f7c2abc2a12a8d1317551b62ddd88
steer	kaktus	vector	base_block.svg	steer_base_block	03a1af76bbcbe5379707eee97273d6a69c30d3e244878700c1eadfac397438ce	917	https://game-sdk-assets.spapp.zabka.pl/remote-assets/assets/03a1af76bbcbe5379707eee97273d6a69c30d3e244878700c1eadfac397438ce
steer	kaktus	vector	home_rounded.svg	steer_home_rounded	7530584d1c1d122abd118d7a1e0256c16a1215eae5559cddaa4844adb0109c34	999	https://game-sdk-assets.spapp.zabka.pl/remote-assets/assets/7530584d1c1d122abd118d7a1e0256c16a1215eae5559cddaa4844adb0109c34
steer	kaktus	video	onboarding.mp4	steer_onboarding	4c2183e08d5470a176070cb01af6d15e44ca7d9888e28b5f722c285a4bdd6d94	6503525	https://game-sdk-assets.spapp.zabka.pl/remote-assets/assets/4c2183e08d5470a176070cb01af6d15e44ca7d9888e28b5f722c285a4bdd6d94
steer	kaktus	font	LuckiestGuy-Regular.ttf	steer_luckiestguy_regular	fbe683091b0db0faa8f38e5227ad3bc17dc67f119f27ff10a63d72f5f9bb9da3	58324	https://game-sdk-assets.spapp.zabka.pl/remote-assets/assets/fbe683091b0db0faa8f38e5227ad3bc17dc67f119f27ff10a63d72f5f9bb9da3
steer	oreo	image	background_display.png	steer_background_display	7dab66219ee0e6e3c80d145a2ab13f82ddb9118efd785839e392b2bd2ac98a0f	454	https://game-sdk-assets.spapp.zabka.pl/remote-assets/assets/7dab66219ee0e6e3c80d145a2ab13f82ddb9118efd785839e392b2bd2ac98a0f
steer	oreo	image	background_layer_1.png	steer_background_layer_1	cca302ec4dc01d9e15d598e6a2d84d656d72336952108767ccee5324a8e8a309	25613	https://game-sdk-assets.spapp.zabka.pl/remote-assets/assets/cca302ec4dc01d9e15d598e6a2d84d656d72336952108767ccee5324a8e8a309
steer	oreo	image	background_layer_2.png	steer_background_layer_2	680d2cc77bf59961f03c7c51e16bc03e49b7ee2d38a93aafa1a35d7b326e4af9	9283	https://game-sdk-assets.spapp.zabka.pl/remote-assets/assets/680d2cc77bf59961f03c7c51e16bc03e49b7ee2d38a93aafa1a35d7b326e4af9
steer	oreo	image	background_layer_3.png	steer_background_layer_3	9da6d434a1203b1fbedef2ac5bb8cbc138fead8a5bd33ad0eceb9c97afe6f9d7	9175	https://game-sdk-assets.spapp.zabka.pl/remote-assets/assets/9da6d434a1203b1fbedef2ac5bb8cbc138fead8a5bd33ad0eceb9c97afe6f9d7
steer	oreo	image	growth_orb.png	steer_growth_orb	4fff1ed7dc6b669e8c52b32315e7c3ea87b1a1ff540aa1467304234d3dcd1283	9498	https://game-sdk-assets.spapp.zabka.pl/remote-assets/assets/4fff1ed7dc6b669e8c52b32315e7c3ea87b1a1ff540aa1467304234d3dcd1283
steer	oreo	image	orb_power_up.png	steer_orb_power_up	cfd97cbf745866189c4cef22c621d7fcb527465eb2bfbc37f13ec589900082cb	6593	https://game-sdk-assets.spapp.zabka.pl/remote-assets/assets/cfd97cbf745866189c4cef22c621d7fcb527465eb2bfbc37f13ec589900082cb
steer	oreo	image	orb_slow_down.png	steer_orb_slow_down	8c580039279fa960dcbb6a8f9569bab937e7e41e8cd7eaf8a0eda14550a97d64	6033	https://game-sdk-assets.spapp.zabka.pl/remote-assets/assets/8c580039279fa960dcbb6a8f9569bab937e7e41e8cd7eaf8a0eda14550a97d64
steer	oreo	image	snake_glow.png	steer_snake_glow	279e3ddca703ca674b3cb5ec55565eac5f0ed3cfd75a0cc1386024f5c20d763a	18417	https://game-sdk-assets.spapp.zabka.pl/remote-assets/assets/279e3ddca703ca674b3cb5ec55565eac5f0ed3cfd75a0cc1386024f5c20d763a
steer	oreo	image	snake_glow_immortal.png	steer_snake_glow_immortal	3200c3aab6f8437e2fe8ab291cba7408231600a37e79cb5a27b6cc592c391f01	11978	https://game-sdk-assets.spapp.zabka.pl/remote-assets/assets/3200c3aab6f8437e2fe8ab291cba7408231600a37e79cb5a27b6cc592c391f01
steer	oreo	image	snake_glow_slowdown.png	steer_snake_glow_slowdown	afe7fe254cf7c85ae89011503cd51684c8b9fa4e3e853e322c080e5e8643b6a5	19508	https://game-sdk-assets.spapp.zabka.pl/remote-assets/assets/afe7fe254cf7c85ae89011503cd51684c8b9fa4e3e853e322c080e5e8643b6a5
steer	oreo	image	snake_head_ball.png	steer_snake_head_ball	987876eef43e8652832e6842fdb95a30707fcdc2d3ae62db1142399cca4e1b7e	6312	https://game-sdk-assets.spapp.zabka.pl/remote-assets/assets/987876eef43e8652832e6842fdb95a30707fcdc2d3ae62db1142399cca4e1b7e
steer	oreo	image	snake_head_ball_immortal.png	steer_snake_head_ball_immortal	987876eef43e8652832e6842fdb95a30707fcdc2d3ae62db1142399cca4e1b7e	6312	https://game-sdk-assets.spapp.zabka.pl/remote-assets/assets/987876eef43e8652832e6842fdb95a30707fcdc2d3ae62db1142399cca4e1b7e
steer	oreo	image	snake_head_ball_slowdown.png	steer_snake_head_ball_slowdown	987876eef43e8652832e6842fdb95a30707fcdc2d3ae62db1142399cca4e1b7e	6312	https://game-sdk-assets.spapp.zabka.pl/remote-assets/assets/987876eef43e8652832e6842fdb95a30707fcdc2d3ae62db1142399cca4e1b7e
steer	oreo	image	snake_segment_ball.png	steer_snake_segment_ball	987876eef43e8652832e6842fdb95a30707fcdc2d3ae62db1142399cca4e1b7e	6312	https://game-sdk-assets.spapp.zabka.pl/remote-assets/assets/987876eef43e8652832e6842fdb95a30707fcdc2d3ae62db1142399cca4e1b7e
steer	oreo	image	snake_segment_ball_immortal.png	steer_snake_segment_ball_immortal	987876eef43e8652832e6842fdb95a30707fcdc2d3ae62db1142399cca4e1b7e	6312	https://game-sdk-assets.spapp.zabka.pl/remote-assets/assets/987876eef43e8652832e6842fdb95a30707fcdc2d3ae62db1142399cca4e1b7e
steer	oreo	image	snake_segment_ball_slowdown.png	steer_snake_segment_ball_slowdown	987876eef43e8652832e6842fdb95a30707fcdc2d3ae62db1142399cca4e1b7e	6312	https://game-sdk-assets.spapp.zabka.pl/remote-assets/assets/987876eef43e8652832e6842fdb95a30707fcdc2d3ae62db1142399cca4e1b7e
steer	oreo	image	text_background.png	steer_text_background	98a822355ead8be137541ae719f4858d15f418fc403c35b25f762de9c4298719	9892	https://game-sdk-assets.spapp.zabka.pl/remote-assets/assets/98a822355ead8be137541ae719f4858d15f418fc403c35b25f762de9c4298719
steer	oreo	image	timer.png	steer_timer	f338936c97f8ce02dc9992a989f49789b2ef3a64c0959bfbf7bc6d5e9701e8d5	424	https://game-sdk-assets.spapp.zabka.pl/remote-assets/assets/f338936c97f8ce02dc9992a989f49789b2ef3a64c0959bfbf7bc6d5e9701e8d5
steer	oreo	image	wall.png	steer_wall	d86c7a744dedea6389aa6774bd27133df7ca4b52608d60a5730872cdd8d76a6c	85	https://game-sdk-assets.spapp.zabka.pl/remote-assets/assets/d86c7a744dedea6389aa6774bd27133df7ca4b52608d60a5730872cdd8d76a6c
steer	oreo	image	zabka_smile.png	steer_zabka_smile	3f8da767e8d640f4cd515f26024816eef54f1481357b22d4a55c26720b27a5c3	572	https://game-sdk-assets.spapp.zabka.pl/remote-assets/assets/3f8da767e8d640f4cd515f26024816eef54f1481357b22d4a55c26720b27a5c3
steer	oreo	audio	block_destroyed_immortal.mp3	steer_block_destroyed_immortal	a106b44dc5cf1dedff9b740d1c5b010dc0dc42418e104ba0318996bf06496388	38253	https://game-sdk-assets.spapp.zabka.pl/remote-assets/assets/a106b44dc5cf1dedff9b740d1c5b010dc0dc42418e104ba0318996bf06496388
steer	oreo	audio	block_destroyed_standard.mp3	steer_block_destroyed_standard	3608895e20e00caae06b0c47289c59d59617bc32551c37bf5b9a39fa4f679736	32973	https://game-sdk-assets.spapp.zabka.pl/remote-assets/assets/3608895e20e00caae06b0c47289c59d59617bc32551c37bf5b9a39fa4f679736
steer	oreo	audio	block_hit.mp3	steer_block_hit	73d9ccfe744521e85244abd6a2ca7b567e42f75b6298455ea5e9ec524e5b5a3c	40049	https://game-sdk-assets.spapp.zabka.pl/remote-assets/assets/73d9ccfe744521e85244abd6a2ca7b567e42f75b6298455ea5e9ec524e5b5a3c
steer	oreo	audio	orb_collect_2.mp3	steer_orb_collect_2	f8f9868e16617d95a44c07b93d0c77bf2bac7567a703c235e92263152602c236	10684	https://game-sdk-assets.spapp.zabka.pl/remote-assets/assets/f8f9868e16617d95a44c07b93d0c77bf2bac7567a703c235e92263152602c236
steer	oreo	audio	orb_enhance_collect.mp3	steer_orb_enhance_collect	608cbe5d740056720c4984ec1775af342b2b82d1a717dbc92a5bd7e4a5edf22a	25341	https://game-sdk-assets.spapp.zabka.pl/remote-assets/assets/608cbe5d740056720c4984ec1775af342b2b82d1a717dbc92a5bd7e4a5edf22a
steer	oreo	audio	start_sound.mp3	steer_start_sound	c67d53d39d5d1c17a644fb0c5dcb1346212f7c2abc2a12a8d1317551b62ddd88	77133	https://game-sdk-assets.spapp.zabka.pl/remote-assets/assets/c67d53d39d5d1c17a644fb0c5dcb1346212f7c2abc2a12a8d1317551b62ddd88
steer	oreo	vector	base_block.svg	steer_base_block	6e6a1a65c0637f5276b1f8c021d7fd40b61b494f78019ca0b960412d09d71764	870	https://game-sdk-assets.spapp.zabka.pl/remote-assets/assets/6e6a1a65c0637f5276b1f8c021d7fd40b61b494f78019ca0b960412d09d71764
steer	oreo	vector	home_rounded.svg	steer_home_rounded	7530584d1c1d122abd118d7a1e0256c16a1215eae5559cddaa4844adb0109c34	999	https://game-sdk-assets.spapp.zabka.pl/remote-assets/assets/7530584d1c1d122abd118d7a1e0256c16a1215eae5559cddaa4844adb0109c34
steer	oreo	video	onboarding.mp4	steer_onboarding	b8f958f510bf97fceffcd1744988ac8331f574d42ce55fbea4605863ad3d4350	6516709	https://game-sdk-assets.spapp.zabka.pl/remote-assets/assets/b8f958f510bf97fceffcd1744988ac8331f574d42ce55fbea4605863ad3d4350
steer	oreo	font	LuckiestGuy-Regular.ttf	steer_luckiestguy_regular	fbe683091b0db0faa8f38e5227ad3bc17dc67f119f27ff10a63d72f5f9bb9da3	58324	https://game-sdk-assets.spapp.zabka.pl/remote-assets/assets/fbe683091b0db0faa8f38e5227ad3bc17dc67f119f27ff10a63d72f5f9bb9da3
steer	tymbark	image	background_display.png	steer_background_display	576e6278c1c2646435fe6191e499f775e171448cf85a9f084a6cbbc02e5a9219	2314	https://game-sdk-assets.spapp.zabka.pl/remote-assets/assets/576e6278c1c2646435fe6191e499f775e171448cf85a9f084a6cbbc02e5a9219
steer	tymbark	image	background_layer_1.png	steer_background_layer_1	525298ab109a6626712e8d34140ba3b88ca4e4e72fae81beb2ca8263b4be2cdd	259254	https://game-sdk-assets.spapp.zabka.pl/remote-assets/assets/525298ab109a6626712e8d34140ba3b88ca4e4e72fae81beb2ca8263b4be2cdd
steer	tymbark	image	background_layer_2.png	steer_background_layer_2	728cefdf3046c5768c071e158bd851257163a82042336150051c2200460e3cc7	8223	https://game-sdk-assets.spapp.zabka.pl/remote-assets/assets/728cefdf3046c5768c071e158bd851257163a82042336150051c2200460e3cc7
steer	tymbark	image	background_layer_3.png	steer_background_layer_3	6ddedce978bc951ec032d7b438a293ce38910e2e25435c0d08e74ede684af6c6	4560	https://game-sdk-assets.spapp.zabka.pl/remote-assets/assets/6ddedce978bc951ec032d7b438a293ce38910e2e25435c0d08e74ede684af6c6
steer	tymbark	image	growth_orb.png	steer_growth_orb	d41de2bd668352f0d47570740643009393d20d218d1616d9e38c61d728f9c2dd	4780	https://game-sdk-assets.spapp.zabka.pl/remote-assets/assets/d41de2bd668352f0d47570740643009393d20d218d1616d9e38c61d728f9c2dd
steer	tymbark	image	orb_power_up.png	steer_orb_power_up	eb0ae4fe2182758787fe766a13c760672fb340df718c60b63dbf354fc0af80f1	3048	https://game-sdk-assets.spapp.zabka.pl/remote-assets/assets/eb0ae4fe2182758787fe766a13c760672fb340df718c60b63dbf354fc0af80f1
steer	tymbark	image	orb_slow_down.png	steer_orb_slow_down	e1a438f1baad0ab00426cd35f2e35242081b4470af5d2a5e0a8a746138d3da02	2759	https://game-sdk-assets.spapp.zabka.pl/remote-assets/assets/e1a438f1baad0ab00426cd35f2e35242081b4470af5d2a5e0a8a746138d3da02
steer	tymbark	image	snake_glow.png	steer_snake_glow	823a58150dd3d8ab205efb75ae84867c32c16838d2ebf93fe172de43a9ff79ef	7933	https://game-sdk-assets.spapp.zabka.pl/remote-assets/assets/823a58150dd3d8ab205efb75ae84867c32c16838d2ebf93fe172de43a9ff79ef
steer	tymbark	image	snake_glow_immortal.png	steer_snake_glow_immortal	98fb9ef26cbaeebccf24a6cd1768be596f5d423a2395eb69be2efc8fd7a248a7	7529	https://game-sdk-assets.spapp.zabka.pl/remote-assets/assets/98fb9ef26cbaeebccf24a6cd1768be596f5d423a2395eb69be2efc8fd7a248a7
steer	tymbark	image	snake_glow_slowdown.png	steer_snake_glow_slowdown	bb0e5c1caad4044e8db08c1a4e493ac28f6a14ad2ddc3b57e0fa40786af949ac	5696	https://game-sdk-assets.spapp.zabka.pl/remote-assets/assets/bb0e5c1caad4044e8db08c1a4e493ac28f6a14ad2ddc3b57e0fa40786af949ac
steer	tymbark	image	snake_head_ball.png	steer_snake_head_ball	1fdb08989392a649df63e76be84ae66f54a7c0834e2731008050430b419322ae	2010	https://game-sdk-assets.spapp.zabka.pl/remote-assets/assets/1fdb08989392a649df63e76be84ae66f54a7c0834e2731008050430b419322ae
steer	tymbark	image	snake_head_ball_immortal.png	steer_snake_head_ball_immortal	b935299531492a6fd470957ba4c74c0e5968a4ba72ac0bdbbb93aa03cbc24467	2025	https://game-sdk-assets.spapp.zabka.pl/remote-assets/assets/b935299531492a6fd470957ba4c74c0e5968a4ba72ac0bdbbb93aa03cbc24467
steer	tymbark	image	snake_head_ball_slowdown.png	steer_snake_head_ball_slowdown	3f06ba5b5f99f87d200ecb492e781b73f866a18480fdf7bb31a1e0ab6e4d9987	1819	https://game-sdk-assets.spapp.zabka.pl/remote-assets/assets/3f06ba5b5f99f87d200ecb492e781b73f866a18480fdf7bb31a1e0ab6e4d9987
steer	tymbark	image	snake_segment_ball.png	steer_snake_segment_ball	1fdb08989392a649df63e76be84ae66f54a7c0834e2731008050430b419322ae	2010	https://game-sdk-assets.spapp.zabka.pl/remote-assets/assets/1fdb08989392a649df63e76be84ae66f54a7c0834e2731008050430b419322ae
steer	tymbark	image	snake_segment_ball_immortal.png	steer_snake_segment_ball_immortal	b935299531492a6fd470957ba4c74c0e5968a4ba72ac0bdbbb93aa03cbc24467	2025	https://game-sdk-assets.spapp.zabka.pl/remote-assets/assets/b935299531492a6fd470957ba4c74c0e5968a4ba72ac0bdbbb93aa03cbc24467
steer	tymbark	image	snake_segment_ball_slowdown.png	steer_snake_segment_ball_slowdown	034032845cb42a7c2a796b2c3c46cf2ff54da57cbca2f6fe1cce5a409695784a	6140	https://game-sdk-assets.spapp.zabka.pl/remote-assets/assets/034032845cb42a7c2a796b2c3c46cf2ff54da57cbca2f6fe1cce5a409695784a
steer	tymbark	image	text_background.png	steer_text_background	98a822355ead8be137541ae719f4858d15f418fc403c35b25f762de9c4298719	9892	https://game-sdk-assets.spapp.zabka.pl/remote-assets/assets/98a822355ead8be137541ae719f4858d15f418fc403c35b25f762de9c4298719
steer	tymbark	image	timer.png	steer_timer	5d11def61d99b79bca80f6db0632103e022baa5104949628d73f18415fdf3d7a	819	https://game-sdk-assets.spapp.zabka.pl/remote-assets/assets/5d11def61d99b79bca80f6db0632103e022baa5104949628d73f18415fdf3d7a
steer	tymbark	image	wall.png	steer_wall	1c8c046a6b7ddd5df860f573eb7c2f700f3018d0ee6e95876702587e024ad4e9	1102	https://game-sdk-assets.spapp.zabka.pl/remote-assets/assets/1c8c046a6b7ddd5df860f573eb7c2f700f3018d0ee6e95876702587e024ad4e9
steer	tymbark	image	zabka_smile.png	steer_zabka_smile	65be13c5ddde4ecf9b092fc2baf8393f4ce8d8e33f97e422373617ef26df720b	747	https://game-sdk-assets.spapp.zabka.pl/remote-assets/assets/65be13c5ddde4ecf9b092fc2baf8393f4ce8d8e33f97e422373617ef26df720b
steer	tymbark	audio	block_destroyed_immortal.mp3	steer_block_destroyed_immortal	a106b44dc5cf1dedff9b740d1c5b010dc0dc42418e104ba0318996bf06496388	38253	https://game-sdk-assets.spapp.zabka.pl/remote-assets/assets/a106b44dc5cf1dedff9b740d1c5b010dc0dc42418e104ba0318996bf06496388
steer	tymbark	audio	block_destroyed_standard.mp3	steer_block_destroyed_standard	3608895e20e00caae06b0c47289c59d59617bc32551c37bf5b9a39fa4f679736	32973	https://game-sdk-assets.spapp.zabka.pl/remote-assets/assets/3608895e20e00caae06b0c47289c59d59617bc32551c37bf5b9a39fa4f679736
steer	tymbark	audio	block_hit.mp3	steer_block_hit	73d9ccfe744521e85244abd6a2ca7b567e42f75b6298455ea5e9ec524e5b5a3c	40049	https://game-sdk-assets.spapp.zabka.pl/remote-assets/assets/73d9ccfe744521e85244abd6a2ca7b567e42f75b6298455ea5e9ec524e5b5a3c
steer	tymbark	audio	orb_collect_2.mp3	steer_orb_collect_2	f8f9868e16617d95a44c07b93d0c77bf2bac7567a703c235e92263152602c236	10684	https://game-sdk-assets.spapp.zabka.pl/remote-assets/assets/f8f9868e16617d95a44c07b93d0c77bf2bac7567a703c235e92263152602c236
steer	tymbark	audio	orb_enhance_collect.mp3	steer_orb_enhance_collect	608cbe5d740056720c4984ec1775af342b2b82d1a717dbc92a5bd7e4a5edf22a	25341	https://game-sdk-assets.spapp.zabka.pl/remote-assets/assets/608cbe5d740056720c4984ec1775af342b2b82d1a717dbc92a5bd7e4a5edf22a
steer	tymbark	audio	start_sound.mp3	steer_start_sound	c67d53d39d5d1c17a644fb0c5dcb1346212f7c2abc2a12a8d1317551b62ddd88	77133	https://game-sdk-assets.spapp.zabka.pl/remote-assets/assets/c67d53d39d5d1c17a644fb0c5dcb1346212f7c2abc2a12a8d1317551b62ddd88
steer	tymbark	vector	base_block.svg	steer_base_block	1652652d02f53010b50aca76fd6a44b2843eed068c4526c0c1011393ef88c20d	2833	https://game-sdk-assets.spapp.zabka.pl/remote-assets/assets/1652652d02f53010b50aca76fd6a44b2843eed068c4526c0c1011393ef88c20d
steer	tymbark	vector	home_rounded.svg	steer_home_rounded	7530584d1c1d122abd118d7a1e0256c16a1215eae5559cddaa4844adb0109c34	999	https://game-sdk-assets.spapp.zabka.pl/remote-assets/assets/7530584d1c1d122abd118d7a1e0256c16a1215eae5559cddaa4844adb0109c34
steer	tymbark	video	onboarding.mp4	steer_onboarding	3d521170ab76f31d00a91e879c8e7d113b35b3d72b53b2b13791bd91c3ed52cb	6558375	https://game-sdk-assets.spapp.zabka.pl/remote-assets/assets/3d521170ab76f31d00a91e879c8e7d113b35b3d72b53b2b13791bd91c3ed52cb
steer	tymbark	font	LuckiestGuy-Regular.ttf	steer_luckiestguy_regular	fbe683091b0db0faa8f38e5227ad3bc17dc67f119f27ff10a63d72f5f9bb9da3	58324	https://game-sdk-assets.spapp.zabka.pl/remote-assets/assets/fbe683091b0db0faa8f38e5227ad3bc17dc67f119f27ff10a63d72f5f9bb9da3
steer	wedel	image	background_display.png	steer_background_display	576e6278c1c2646435fe6191e499f775e171448cf85a9f084a6cbbc02e5a9219	2314	https://game-sdk-assets.spapp.zabka.pl/remote-assets/assets/576e6278c1c2646435fe6191e499f775e171448cf85a9f084a6cbbc02e5a9219
steer	wedel	image	background_layer_1.png	steer_background_layer_1	47792e0b81ca0490f57b4760ad85fa4dea4e77fd30b112fc486c317f3e6a984c	125130	https://game-sdk-assets.spapp.zabka.pl/remote-assets/assets/47792e0b81ca0490f57b4760ad85fa4dea4e77fd30b112fc486c317f3e6a984c
steer	wedel	image	background_layer_2.png	steer_background_layer_2	680d2cc77bf59961f03c7c51e16bc03e49b7ee2d38a93aafa1a35d7b326e4af9	9283	https://game-sdk-assets.spapp.zabka.pl/remote-assets/assets/680d2cc77bf59961f03c7c51e16bc03e49b7ee2d38a93aafa1a35d7b326e4af9
steer	wedel	image	background_layer_3.png	steer_background_layer_3	9da6d434a1203b1fbedef2ac5bb8cbc138fead8a5bd33ad0eceb9c97afe6f9d7	9175	https://game-sdk-assets.spapp.zabka.pl/remote-assets/assets/9da6d434a1203b1fbedef2ac5bb8cbc138fead8a5bd33ad0eceb9c97afe6f9d7
steer	wedel	image	growth_orb.png	steer_growth_orb	d6e07a9a40ca67926a9c8bd13378b9e78806e84785f0530ce653b5c5bc7964ce	6284	https://game-sdk-assets.spapp.zabka.pl/remote-assets/assets/d6e07a9a40ca67926a9c8bd13378b9e78806e84785f0530ce653b5c5bc7964ce
steer	wedel	image	orb_power_up.png	steer_orb_power_up	7a2e719f015e8b21deb7b9d8aaae8a9ba89bd4c8bffd2c830f8c1fa3c06a714f	2600	https://game-sdk-assets.spapp.zabka.pl/remote-assets/assets/7a2e719f015e8b21deb7b9d8aaae8a9ba89bd4c8bffd2c830f8c1fa3c06a714f
steer	wedel	image	orb_slow_down.png	steer_orb_slow_down	8c580039279fa960dcbb6a8f9569bab937e7e41e8cd7eaf8a0eda14550a97d64	6033	https://game-sdk-assets.spapp.zabka.pl/remote-assets/assets/8c580039279fa960dcbb6a8f9569bab937e7e41e8cd7eaf8a0eda14550a97d64
steer	wedel	image	snake_glow.png	steer_snake_glow	823a58150dd3d8ab205efb75ae84867c32c16838d2ebf93fe172de43a9ff79ef	7933	https://game-sdk-assets.spapp.zabka.pl/remote-assets/assets/823a58150dd3d8ab205efb75ae84867c32c16838d2ebf93fe172de43a9ff79ef
steer	wedel	image	snake_glow_immortal.png	steer_snake_glow_immortal	c89c88a6874cf46a806e8986983fd1d6f82782f1fe7392aad97b6fbf52f74d42	16582	https://game-sdk-assets.spapp.zabka.pl/remote-assets/assets/c89c88a6874cf46a806e8986983fd1d6f82782f1fe7392aad97b6fbf52f74d42
steer	wedel	image	snake_glow_slowdown.png	steer_snake_glow_slowdown	bb0e5c1caad4044e8db08c1a4e493ac28f6a14ad2ddc3b57e0fa40786af949ac	5696	https://game-sdk-assets.spapp.zabka.pl/remote-assets/assets/bb0e5c1caad4044e8db08c1a4e493ac28f6a14ad2ddc3b57e0fa40786af949ac
steer	wedel	image	snake_head_ball.png	steer_snake_head_ball	070bb5a2cf1bb4e05e2eced95b88d4224036d41fb0d3b9a6e73e84643d5f824a	666	https://game-sdk-assets.spapp.zabka.pl/remote-assets/assets/070bb5a2cf1bb4e05e2eced95b88d4224036d41fb0d3b9a6e73e84643d5f824a
steer	wedel	image	snake_head_ball_immortal.png	steer_snake_head_ball_immortal	f8bc9bd5760983e3b3f241f0c4c401678889419ddf02545e5e772d34bda03125	725	https://game-sdk-assets.spapp.zabka.pl/remote-assets/assets/f8bc9bd5760983e3b3f241f0c4c401678889419ddf02545e5e772d34bda03125
steer	wedel	image	snake_head_ball_slowdown.png	steer_snake_head_ball_slowdown	5fb7b42284c0fc21b83f0e8d638c2b9c69bb118cc8ef865592198ee383e0f65e	507	https://game-sdk-assets.spapp.zabka.pl/remote-assets/assets/5fb7b42284c0fc21b83f0e8d638c2b9c69bb118cc8ef865592198ee383e0f65e
steer	wedel	image	snake_segment_ball.png	steer_snake_segment_ball	070bb5a2cf1bb4e05e2eced95b88d4224036d41fb0d3b9a6e73e84643d5f824a	666	https://game-sdk-assets.spapp.zabka.pl/remote-assets/assets/070bb5a2cf1bb4e05e2eced95b88d4224036d41fb0d3b9a6e73e84643d5f824a
steer	wedel	image	snake_segment_ball_immortal.png	steer_snake_segment_ball_immortal	f8bc9bd5760983e3b3f241f0c4c401678889419ddf02545e5e772d34bda03125	725	https://game-sdk-assets.spapp.zabka.pl/remote-assets/assets/f8bc9bd5760983e3b3f241f0c4c401678889419ddf02545e5e772d34bda03125
steer	wedel	image	snake_segment_ball_slowdown.png	steer_snake_segment_ball_slowdown	5fb7b42284c0fc21b83f0e8d638c2b9c69bb118cc8ef865592198ee383e0f65e	507	https://game-sdk-assets.spapp.zabka.pl/remote-assets/assets/5fb7b42284c0fc21b83f0e8d638c2b9c69bb118cc8ef865592198ee383e0f65e
steer	wedel	image	text_background.png	steer_text_background	98a822355ead8be137541ae719f4858d15f418fc403c35b25f762de9c4298719	9892	https://game-sdk-assets.spapp.zabka.pl/remote-assets/assets/98a822355ead8be137541ae719f4858d15f418fc403c35b25f762de9c4298719
steer	wedel	image	timer.png	steer_timer	4e6282701c5a2b20b2839b40ca222e93d4d3740081ad553cea9b50724feb253f	281	https://game-sdk-assets.spapp.zabka.pl/remote-assets/assets/4e6282701c5a2b20b2839b40ca222e93d4d3740081ad553cea9b50724feb253f
steer	wedel	image	wall.png	steer_wall	489b987c2b741e893e6343de3deac56eec2cf097e799433e4ee7a88feeb0ad91	113	https://game-sdk-assets.spapp.zabka.pl/remote-assets/assets/489b987c2b741e893e6343de3deac56eec2cf097e799433e4ee7a88feeb0ad91
steer	wedel	image	zabka_smile.png	steer_zabka_smile	65be13c5ddde4ecf9b092fc2baf8393f4ce8d8e33f97e422373617ef26df720b	747	https://game-sdk-assets.spapp.zabka.pl/remote-assets/assets/65be13c5ddde4ecf9b092fc2baf8393f4ce8d8e33f97e422373617ef26df720b
steer	wedel	audio	block_destroyed_immortal.mp3	steer_block_destroyed_immortal	a106b44dc5cf1dedff9b740d1c5b010dc0dc42418e104ba0318996bf06496388	38253	https://game-sdk-assets.spapp.zabka.pl/remote-assets/assets/a106b44dc5cf1dedff9b740d1c5b010dc0dc42418e104ba0318996bf06496388
steer	wedel	audio	block_destroyed_standard.mp3	steer_block_destroyed_standard	3608895e20e00caae06b0c47289c59d59617bc32551c37bf5b9a39fa4f679736	32973	https://game-sdk-assets.spapp.zabka.pl/remote-assets/assets/3608895e20e00caae06b0c47289c59d59617bc32551c37bf5b9a39fa4f679736
steer	wedel	audio	block_hit.mp3	steer_block_hit	73d9ccfe744521e85244abd6a2ca7b567e42f75b6298455ea5e9ec524e5b5a3c	40049	https://game-sdk-assets.spapp.zabka.pl/remote-assets/assets/73d9ccfe744521e85244abd6a2ca7b567e42f75b6298455ea5e9ec524e5b5a3c
steer	wedel	audio	orb_collect_2.mp3	steer_orb_collect_2	f8f9868e16617d95a44c07b93d0c77bf2bac7567a703c235e92263152602c236	10684	https://game-sdk-assets.spapp.zabka.pl/remote-assets/assets/f8f9868e16617d95a44c07b93d0c77bf2bac7567a703c235e92263152602c236
steer	wedel	audio	orb_enhance_collect.mp3	steer_orb_enhance_collect	608cbe5d740056720c4984ec1775af342b2b82d1a717dbc92a5bd7e4a5edf22a	25341	https://game-sdk-assets.spapp.zabka.pl/remote-assets/assets/608cbe5d740056720c4984ec1775af342b2b82d1a717dbc92a5bd7e4a5edf22a
steer	wedel	audio	start_sound.mp3	steer_start_sound	c67d53d39d5d1c17a644fb0c5dcb1346212f7c2abc2a12a8d1317551b62ddd88	77133	https://game-sdk-assets.spapp.zabka.pl/remote-assets/assets/c67d53d39d5d1c17a644fb0c5dcb1346212f7c2abc2a12a8d1317551b62ddd88
steer	wedel	vector	base_block.svg	steer_base_block	bbfd5ada24450d5f4cab14d32f79e0319e504409c068cc1b3cbfa391ac60acb6	171	https://game-sdk-assets.spapp.zabka.pl/remote-assets/assets/bbfd5ada24450d5f4cab14d32f79e0319e504409c068cc1b3cbfa391ac60acb6
steer	wedel	vector	home_rounded.svg	steer_home_rounded	7530584d1c1d122abd118d7a1e0256c16a1215eae5559cddaa4844adb0109c34	999	https://game-sdk-assets.spapp.zabka.pl/remote-assets/assets/7530584d1c1d122abd118d7a1e0256c16a1215eae5559cddaa4844adb0109c34
steer	wedel	video	onboarding.mp4	steer_onboarding	18894d71f4c3956e8139bdc3014e753114f7f4624041bd37ee01117c9043103f	6520100	https://game-sdk-assets.spapp.zabka.pl/remote-assets/assets/18894d71f4c3956e8139bdc3014e753114f7f4624041bd37ee01117c9043103f
steer	wedel	font	LuckiestGuy-Regular.ttf	steer_luckiestguy_regular	fbe683091b0db0faa8f38e5227ad3bc17dc67f119f27ff10a63d72f5f9bb9da3	58324	https://game-sdk-assets.spapp.zabka.pl/remote-assets/assets/fbe683091b0db0faa8f38e5227ad3bc17dc67f119f27ff10a63d72f5f9bb9da3
toss	default	image	cap_with_particle.png	toss_cap_with_particle	d2db320182310e37eca02c144b5d228e1fabd451a2f05f80b4596a5479515e15	303113	https://game-sdk-assets.spapp.zabka.pl/remote-assets/assets/d2db320182310e37eca02c144b5d228e1fabd451a2f05f80b4596a5479515e15
toss	default	audio	keep_trying_price.mp3	toss_keep_trying_price	a5d5c0269629991632ee48affc4e4b1a8236500b3264b04f0d8f65ff15099b31	21356	https://game-sdk-assets.spapp.zabka.pl/remote-assets/assets/a5d5c0269629991632ee48affc4e4b1a8236500b3264b04f0d8f65ff15099b31
toss	default	audio	lost.mp3	toss_lost	24aabb3949f9168c64c452281133e07cf55a15315f315daa3833b229ec1b5db9	27884	https://game-sdk-assets.spapp.zabka.pl/remote-assets/assets/24aabb3949f9168c64c452281133e07cf55a15315f315daa3833b229ec1b5db9
toss	default	audio	score_hit.mp3	toss_score_hit	d51b75a60e88bb411e3021e900f02999df11a7bdf35fa3a1316700c011df2465	15596	https://game-sdk-assets.spapp.zabka.pl/remote-assets/assets/d51b75a60e88bb411e3021e900f02999df11a7bdf35fa3a1316700c011df2465
toss	default	audio	score_miss.mp3	toss_score_miss	282eac750b6ecd717e72f0fc22c80380a270d57ef727e2c4c4efc9ff3af37196	6312	https://game-sdk-assets.spapp.zabka.pl/remote-assets/assets/282eac750b6ecd717e72f0fc22c80380a270d57ef727e2c4c4efc9ff3af37196
toss	default	audio	time_up.mp3	toss_time_up	d554581f0ebdcf7d3346a4ddc116fd210575f55c5426ef0d883f86a4fdd74247	13835	https://game-sdk-assets.spapp.zabka.pl/remote-assets/assets/d554581f0ebdcf7d3346a4ddc116fd210575f55c5426ef0d883f86a4fdd74247
toss	default	audio	win.mp3	toss_win	155d642d77a5001b22b49035bcfc1bc416a299faca2146f8cf656f732bffbbca	46854	https://game-sdk-assets.spapp.zabka.pl/remote-assets/assets/155d642d77a5001b22b49035bcfc1bc416a299faca2146f8cf656f732bffbbca
toss	default	vector	background.svg	toss_background	d8fd46a2d091a174ac38f356da4994c14fde3bebdb84986a817b92fd79399058	2434	https://game-sdk-assets.spapp.zabka.pl/remote-assets/assets/d8fd46a2d091a174ac38f356da4994c14fde3bebdb84986a817b92fd79399058
toss	default	vector	bottom_area.svg	toss_bottom_area	32f2030c5b011f74aca8a198d5100ef0f04e6ab849d335ef3296234de217261d	2154	https://game-sdk-assets.spapp.zabka.pl/remote-assets/assets/32f2030c5b011f74aca8a198d5100ef0f04e6ab849d335ef3296234de217261d
toss	default	vector	center_area_frame_inactive.svg	toss_center_area_frame_inactive	73f9c5673f1bae3c63911c0d026d531d516fc6b93be748410f2b5344cad479a2	23404	https://game-sdk-assets.spapp.zabka.pl/remote-assets/assets/73f9c5673f1bae3c63911c0d026d531d516fc6b93be748410f2b5344cad479a2
toss	default	vector	center_area_frame_lose.svg	toss_center_area_frame_lose	47aab7aa4e6c394c48d5d7df47fdcd71d946845dc38139e2fd36dbd999340b0a	23404	https://game-sdk-assets.spapp.zabka.pl/remote-assets/assets/47aab7aa4e6c394c48d5d7df47fdcd71d946845dc38139e2fd36dbd999340b0a
toss	default	vector	center_area_frame_win.svg	toss_center_area_frame_win	3ba1fe7aedfa855d4f3bba52be68792ef8144ca00695661fdd13c2c2b6463c44	23404	https://game-sdk-assets.spapp.zabka.pl/remote-assets/assets/3ba1fe7aedfa855d4f3bba52be68792ef8144ca00695661fdd13c2c2b6463c44
toss	default	vector	home_rounded.svg	toss_home_rounded	7530584d1c1d122abd118d7a1e0256c16a1215eae5559cddaa4844adb0109c34	999	https://game-sdk-assets.spapp.zabka.pl/remote-assets/assets/7530584d1c1d122abd118d7a1e0256c16a1215eae5559cddaa4844adb0109c34
toss	default	vector	single_strike.svg	toss_single_strike	b94553bdfa7a22813990abe704e8b8e9c5e0ce713d83211fac369673fe12b1a2	5378	https://game-sdk-assets.spapp.zabka.pl/remote-assets/assets/b94553bdfa7a22813990abe704e8b8e9c5e0ce713d83211fac369673fe12b1a2
toss	default	vector	strike_text_area.svg	toss_strike_text_area	b42a5df2dc4a1cd3b7867085229b0a50fde41362b7bb5f71524188eb83da5955	329	https://game-sdk-assets.spapp.zabka.pl/remote-assets/assets/b42a5df2dc4a1cd3b7867085229b0a50fde41362b7bb5f71524188eb83da5955
toss	default	vector	target_single_value_frame.svg	toss_target_single_value_frame	16e78c1ff65ff6476f3376bbe5d7ffcfd25df8e8d150fa8a4f8ce5b971d54b64	575	https://game-sdk-assets.spapp.zabka.pl/remote-assets/assets/16e78c1ff65ff6476f3376bbe5d7ffcfd25df8e8d150fa8a4f8ce5b971d54b64
toss	default	vector	target_values_frame.svg	toss_target_values_frame	cdf37c7f79b0d3f02b659bf9c3d6f024f4bb78879c6cc0b0e60d0b5b244e06fb	1111	https://game-sdk-assets.spapp.zabka.pl/remote-assets/assets/cdf37c7f79b0d3f02b659bf9c3d6f024f4bb78879c6cc0b0e60d0b5b244e06fb
toss	default	video	onboarding.mp4	toss_onboarding	9b47c7dfe4e99e8f9203ff0b95263dd545d6b31c0a3d170c0e6b4eec6f981a3f	6427916	https://game-sdk-assets.spapp.zabka.pl/remote-assets/assets/9b47c7dfe4e99e8f9203ff0b95263dd545d6b31c0a3d170c0e6b4eec6f981a3f
toss	default	font	LuckiestGuy-Regular.ttf	toss_luckiestguy_regular	fbe683091b0db0faa8f38e5227ad3bc17dc67f119f27ff10a63d72f5f9bb9da3	58324	https://game-sdk-assets.spapp.zabka.pl/remote-assets/assets/fbe683091b0db0faa8f38e5227ad3bc17dc67f119f27ff10a63d72f5f9bb9da3
toss	default	font	Orbitron-Black.ttf	toss_orbitron_black	6085d23cdc834b71abdbab67079ab37b486b429edb5a0e634bf61379e255700a	23392	https://game-sdk-assets.spapp.zabka.pl/remote-assets/assets/6085d23cdc834b71abdbab67079ab37b486b429edb5a0e634bf61379e255700a
toss	default	font	Orbitron-Bold.ttf	toss_orbitron_bold	69403fffca24d8e5d3c588f89fdc832ed75b9e9d3176850b96ce23b27aeebbb2	24668	https://game-sdk-assets.spapp.zabka.pl/remote-assets/assets/69403fffca24d8e5d3c588f89fdc832ed75b9e9d3176850b96ce23b27aeebbb2
toss	default	font	Orbitron-ExtraBold.ttf	toss_orbitron_extrabold	5c3ffc0f6dcd6c9adddb4aa573be39aea7bf5364b006e7bf8d5386a00f18eb8e	24696	https://game-sdk-assets.spapp.zabka.pl/remote-assets/assets/5c3ffc0f6dcd6c9adddb4aa573be39aea7bf5364b006e7bf8d5386a00f18eb8e
toss	default	font	Orbitron-Medium.ttf	toss_orbitron_medium	0963c8736d45390ebf17d75486d581f6ca4ad186c221801891a5801bb17df41b	24752	https://game-sdk-assets.spapp.zabka.pl/remote-assets/assets/0963c8736d45390ebf17d75486d581f6ca4ad186c221801891a5801bb17df41b
toss	default	font	Orbitron-Regular.ttf	toss_orbitron_regular	739162ac8e6fcadb559226f2fee57f55baad126728cec901b321042c7224088e	24716	https://game-sdk-assets.spapp.zabka.pl/remote-assets/assets/739162ac8e6fcadb559226f2fee57f55baad126728cec901b321042c7224088e
toss	default	font	Orbitron-SemiBold.ttf	toss_orbitron_semibold	dfa60e9800d9bd99366ca8eacac0f1a9f6e5e2218d7a19a0b36a0130e020e5f2	24732	https://game-sdk-assets.spapp.zabka.pl/remote-assets/assets/dfa60e9800d9bd99366ca8eacac0f1a9f6e5e2218d7a19a0b36a0130e020e5f2
toss	default	font	Tomorrow-Bold.ttf	toss_tomorrow_bold	c359337fed84b9968697a24bfd3d38017581b29e507188ba2c387409b1855287	56628	https://game-sdk-assets.spapp.zabka.pl/remote-assets/assets/c359337fed84b9968697a24bfd3d38017581b29e507188ba2c387409b1855287
toss	default	font	Tomorrow-BoldItalic.ttf	toss_tomorrow_bolditalic	0b2342b42cfdb76c7377ea06305bdae967b8355b150580151c10a657c6128812	59636	https://game-sdk-assets.spapp.zabka.pl/remote-assets/assets/0b2342b42cfdb76c7377ea06305bdae967b8355b150580151c10a657c6128812
toss	default	font	Tomorrow-Italic.ttf	toss_tomorrow_italic	ee61d1bf35a52a8c6a86fcfe4c1c3dcea426859a4c2ca15b85614f8b05be745c	59240	https://game-sdk-assets.spapp.zabka.pl/remote-assets/assets/ee61d1bf35a52a8c6a86fcfe4c1c3dcea426859a4c2ca15b85614f8b05be745c
toss	default	font	Tomorrow-Medium.ttf	toss_tomorrow_medium	d4442f30b847c0e5e757243024917300b640dbb0409baacbb18eeff5a70d1efb	56896	https://game-sdk-assets.spapp.zabka.pl/remote-assets/assets/d4442f30b847c0e5e757243024917300b640dbb0409baacbb18eeff5a70d1efb
toss	default	font	Tomorrow-MediumItalic.ttf	toss_tomorrow_mediumitalic	0252a9286bc7f067d8c7d3340c2531360790e631ecd3cc76c6b7db24e11bf365	58852	https://game-sdk-assets.spapp.zabka.pl/remote-assets/assets/0252a9286bc7f067d8c7d3340c2531360790e631ecd3cc76c6b7db24e11bf365
toss	default	font	Tomorrow-Regular.ttf	toss_tomorrow_regular	0f5222c5b8f2875d332d645d3940504d7937d590038374f6f85a36136c39f591	57388	https://game-sdk-assets.spapp.zabka.pl/remote-assets/assets/0f5222c5b8f2875d332d645d3940504d7937d590038374f6f85a36136c39f591
toss	default	font	Tomorrow-SemiBold.ttf	toss_tomorrow_semibold	7a1018bdf3ad24c0e73ecdbfa17d7fe10ddfec91e041ec9052a8eb075022313a	57512	https://game-sdk-assets.spapp.zabka.pl/remote-assets/assets/7a1018bdf3ad24c0e73ecdbfa17d7fe10ddfec91e041ec9052a8eb075022313a
toss	default	font	Tomorrow-SemiBoldItalic.ttf	toss_tomorrow_semibolditalic	e4bb3b0a0aa8c5f404f36dc749f2bf45dc9c382fec8842289b9ca74c856710a7	59760	https://game-sdk-assets.spapp.zabka.pl/remote-assets/assets/e4bb3b0a0aa8c5f404f36dc749f2bf45dc9c382fec8842289b9ca74c856710a7
toss_challenge	default	image	background_bottom.png	toss_challenge_background_bottom	0a1853e8d85298c1efb06e0e4db062adab5ce5261c2e4a9ae2597529a7b967b4	71278	https://game-sdk-assets.spapp.zabka.pl/remote-assets/assets/0a1853e8d85298c1efb06e0e4db062adab5ce5261c2e4a9ae2597529a7b967b4
toss_challenge	default	image	background_top.png	toss_challenge_background_top	62dd2b1bb58ad104ffe768d094a58d5c8c7f543039ced4ffd3c21f1e087882c1	47518	https://game-sdk-assets.spapp.zabka.pl/remote-assets/assets/62dd2b1bb58ad104ffe768d094a58d5c8c7f543039ced4ffd3c21f1e087882c1
toss_challenge	default	image	cap_front.png	toss_challenge_cap_front	3dd529bbf3001563c6cae36f2810fe00ff799f506612fc496d5be77cc774676c	14913	https://game-sdk-assets.spapp.zabka.pl/remote-assets/assets/3dd529bbf3001563c6cae36f2810fe00ff799f506612fc496d5be77cc774676c
toss_challenge	default	image	cap_particle_front.png	toss_challenge_cap_particle_front	df401ebaf5c3fbd674a51ac3cd14478c7e7033c3198cfc4c8b69385c3d356400	11482	https://game-sdk-assets.spapp.zabka.pl/remote-assets/assets/df401ebaf5c3fbd674a51ac3cd14478c7e7033c3198cfc4c8b69385c3d356400
toss_challenge	default	image	cap_with_particle.png	toss_challenge_cap_with_particle	d2db320182310e37eca02c144b5d228e1fabd451a2f05f80b4596a5479515e15	303113	https://game-sdk-assets.spapp.zabka.pl/remote-assets/assets/d2db320182310e37eca02c144b5d228e1fabd451a2f05f80b4596a5479515e15
toss_challenge	default	image	target.png	toss_challenge_target	58b56d7d623232b9cbc65f0732bd1bba271a03468ebffd53e51df3c7eeab7afb	1130	https://game-sdk-assets.spapp.zabka.pl/remote-assets/assets/58b56d7d623232b9cbc65f0732bd1bba271a03468ebffd53e51df3c7eeab7afb
toss_challenge	default	audio	lost.mp3	toss_challenge_lost	24aabb3949f9168c64c452281133e07cf55a15315f315daa3833b229ec1b5db9	27884	https://game-sdk-assets.spapp.zabka.pl/remote-assets/assets/24aabb3949f9168c64c452281133e07cf55a15315f315daa3833b229ec1b5db9
toss_challenge	default	audio	score_hit.mp3	toss_challenge_score_hit	d51b75a60e88bb411e3021e900f02999df11a7bdf35fa3a1316700c011df2465	15596	https://game-sdk-assets.spapp.zabka.pl/remote-assets/assets/d51b75a60e88bb411e3021e900f02999df11a7bdf35fa3a1316700c011df2465
toss_challenge	default	audio	score_miss.mp3	toss_challenge_score_miss	282eac750b6ecd717e72f0fc22c80380a270d57ef727e2c4c4efc9ff3af37196	6312	https://game-sdk-assets.spapp.zabka.pl/remote-assets/assets/282eac750b6ecd717e72f0fc22c80380a270d57ef727e2c4c4efc9ff3af37196
toss_challenge	default	audio	win.mp3	toss_challenge_win	155d642d77a5001b22b49035bcfc1bc416a299faca2146f8cf656f732bffbbca	46854	https://game-sdk-assets.spapp.zabka.pl/remote-assets/assets/155d642d77a5001b22b49035bcfc1bc416a299faca2146f8cf656f732bffbbca
toss_challenge	default	vector	timer_icon.svg	toss_challenge_timer_icon	27b83472e16c997473211798d345ffe4b78abf829ab95c571388b20835b6a915	1479	https://game-sdk-assets.spapp.zabka.pl/remote-assets/assets/27b83472e16c997473211798d345ffe4b78abf829ab95c571388b20835b6a915
toss_challenge	default	vector	zp_smile.svg	toss_challenge_zp_smile	a9dff1def5404ead923323abdc001eb9e65f16316198074998cdde0f500674aa	564	https://game-sdk-assets.spapp.zabka.pl/remote-assets/assets/a9dff1def5404ead923323abdc001eb9e65f16316198074998cdde0f500674aa
toss_challenge	default	video	onboarding.mp4	toss_challenge_onboarding	9b47c7dfe4e99e8f9203ff0b95263dd545d6b31c0a3d170c0e6b4eec6f981a3f	6427916	https://game-sdk-assets.spapp.zabka.pl/remote-assets/assets/9b47c7dfe4e99e8f9203ff0b95263dd545d6b31c0a3d170c0e6b4eec6f981a3f
toss_challenge	default	font	LuckiestGuy-Regular.ttf	toss_challenge_luckiestguy_regular	fbe683091b0db0faa8f38e5227ad3bc17dc67f119f27ff10a63d72f5f9bb9da3	58324	https://game-sdk-assets.spapp.zabka.pl/remote-assets/assets/fbe683091b0db0faa8f38e5227ad3bc17dc67f119f27ff10a63d72f5f9bb9da3
